romset,opdb_id
aavengef,G4dZZ-MKNzE
aavenger,G4dZZ-MKNzE
abv105,G4EZe-MJ424
abv106,G4EZe-MJ424
abv106r,G4EZe-MJ424
acd_121,G43W4-MKNX0
acd_125,G43W4-MKNX0
acd_130,G43W4-MKNX0
acd_140,G43W4-MKNX0
acd_150,G43W4-MKNX0
acd_150h,G43W4-MrRpw
acd_152,G43W4-MKNX0
acd_152h,G43W4-MrRpw
acd_160,G43W4-MKNX0
acd_160h,G43W4-MrRpw
acd_161,G43W4-MKNX0
acd_161h,G43W4-MrRpw
acd_163,G43W4-MKNX0
acd_163h,G43W4-MrRpw
acd_165,G43W4-MKNX0
acd_165h,G43W4-MrRpw
acd_168,G43W4-MKNX0
acd_168c,G43W4-MKNX0
acd_168h,G43W4-MrRpw
acd_168hc,G43W4-MrRpw
acd_170,G43W4-MKNX0
acd_170_ac,G43W4-MKNX0
acd_170c,G43W4-MKNX0
acd_170h,G43W4-MrRpw
acd_170hc,G43W4-MrRpw
afm_03,G4do5-MDlN7
afm_10,G4do5-MDlN7
afm_11,G4do5-MDlN7
afm_113,G4do5-MDlN7
afm_113b,G4do5-MDlN7
afm_11pfx,G4do5-MDlN7
afm_11u,G4do5-MDlN7
afm_f10,G4do5-MDlN7
afm_f20,G4do5-MDlN7
afm_f32,G4do5-MDlN7
aftor,GRY7E-MLbEo
agent777,Grkpd-MQrjj
agfoot07,G5wxv-MnKkN
agfootbl,G5wxv-MnKkN
agfootbl25l,G5wxv-MnKkN
agsocc07,G5wxv-MQP9z
agsoccer,G5wxv-MQP9z
agsoccer25l,G5wxv-MQP9z
alcapone,GRbl7-ML8EY
algar_l1,G5nQQ-MLbbp
algar_l1ff,G5nQQ-MLbbp
ali,G43kO-MQ50p
alib,G43kO-MQ50p
alic,G43kO-MQ50p
alienstr,G4xwQ-MQpVO
alifp,G43kO-MQ50p
alpok_b6,G4yen-MD12Y
alpok_f6,G4yen-MD12Y
alpok_f6ff,G4yen-MD12Y
alpok_l2,G4yen-MD12Y
alpok_l2ff,G4yen-MD12Y
alpok_l6,G4yen-MD12Y
alpok_l6ff,G4yen-MD12Y
amaz3afp,G5Lk0-MDeVZ
amazn2fp,GrJkp-MQ21p
amazn3fp,G5Lk0-MDeVZ
amazon3a,G5Lk0-MDeVZ
amazonh,GrJkp-M1rBN
amazonh2,GrJkp-MQ21p
amazonh3,G5Lk0-MDeVZ
amazonha,GrJkp-M1rBN
andrett4,GRBqq-Mp4ZY
andretti,GRBqq-Mp4ZY
andromea,GrXOZ-MLyb0
andromed,GrXOZ-MLyb0
apollo1,G411e-MJrEL
apollo13,G411e-MJrEL
apollo14,G411e-MJrEL
apollo2,G411e-MJrEL
arena,G4EKb-MDx4p
arena2,G4EKb-MDx4p
arena_fp,G4EKb-MDx4p
arenaa,G4EKb-MDx4p
arenaafp,G4EKb-MDx4p
arenaf,G4EKb-MDx4p
arenaffp,G4EKb-MDx4p
arenag,G4EKb-MDx4p
arenagfp,G4EKb-MDx4p
astannie,G59bo-MJPxj
atarianf,Gry9N-MQYVj
atarians,Gry9N-MQYVj
atlantis,GrNlV-MDydr
atlantist,GrNlV-MDydr
attila,GrZxD-MLO4Y
aust201,G43BW-M3dKV
aust300,G43BW-M3dKV
aust301,G43BW-M3dKV
austin,G43BW-M3dKV
austinf,G43BW-M3dKV
austing,G43BW-M3dKV
austini,G43BW-M3dKV
avr_101h,GrZBr-MyNZz
avr_106,GrZBr-MDbx7
avr_110,GrZBr-MDbx7
avr_120h,GrZBr-MyNZz
avr_200,GrZBr-MDbx7
avs_110,GRzNR-MLlEj
avs_120h,GRzNR-MyNq8
avs_140,GRzNR-MLlEj
avs_140h,GRzNR-MyNq8
avs_170,GRzNR-MLlEj
avs_170c,GRzNR-MLlEj
avs_170h,GRzNR-MyNq8
avs_170hc,GRzNR-MyNq8
babypac,G5Kvx-MQdpl
babypaca,G5Kvx-MQdpl
babypacn,G5Kvx-MQdpl
badgirl2,G5WOo-MePp0
badgirlf,G5WOo-MePp0
badgirlg,G5WOo-MePp0
badgirls,G5WOo-MePp0
badgrffp,G5WOo-MePp0
badgrgfp,G5WOo-MePp0
badgrlfp,G5WOo-MePp0
barbwire,GRwyv-MQNwr
barra_l1,GRo7K-MQ4e3
batmanf,G59zN-MLy0N
batmanf1,G59zN-MLy0N
batmanf2,G59zN-MLy0N
batmanf3,G59zN-MLy0N
batmanf5,G59zN-MLy0N
batmanf501,G59zN-MLy0N
bay_401,Grxvy-M4oZj
bay_d300,Grxvy-M4oZj
bay_d400,Grxvy-M4oZj
bay_e400,Grxvy-M4oZj
bay_f201,Grxvy-M4oZj
bay_g300,Grxvy-M4oZj
baywatch,Grxvy-M4oZj
bbb108,G56vo-Ml9Pp
bbb109,G56vo-Ml9Pp
bbeltffp,G562j-MDyoK
bbeltgfp,G562j-MDyoK
bbeltifp,G562j-MDyoK
bbeltzac,G562j-MDyoK
bbeltzaf,G562j-MDyoK
bbeltzag,G562j-MDyoK
bbeltzai,G562j-MDyoK
bbeltzfp,G562j-MDyoK
bbh_140,G4N6n-MLxER
bbh_150,G4N6n-MLxER
bbh_160,G4N6n-MLxER
bbh_170,G4N6n-MLxER
bbnny_l2,GRozL-MDb46
bbnny_lg,GRozL-MDb46
bbnny_lu,GRozL-MDb46
bcats_f1,GrEBz-MBR3N
bcats_g4,GrEBz-MBR3N
bcats_l2,GrEBz-MBR3N
bcats_l5,GrEBz-MBR3N
bcats_tcm,GrEBz-MBR3N
bcats_tcm12,GrEBz-MBR3N
bcats_tcm13,GrEBz-MBR3N
bdk_130,G4yVw-M85j8
bdk_150,G4yVw-M85j8
bdk_160,G4yVw-M85j8
bdk_200,G4yVw-M85j8
bdk_210,G4yVw-M85j8
bdk_220,G4yVw-M85j8
bdk_240,G4yVw-M85j8
bdk_290,G4yVw-M85j8
bdk_294,G4yVw-M85j8
bdk_300,G4yVw-M85j8
beachbms,G5B9Z-MLBjW
beatclc2,GRY9k-MQr4w
beatclck,GRY9k-MQr4w
beav_butt,G5DYX-M0oVW
bguns_l7,G4d8k-MJ5Z8
bguns_l8,G4d8k-MJ5Z8
bguns_la,G4d8k-MJ5Z8
bguns_lac,G4d8k-MJ5Z8
bguns_p1,G4d8k-MJ5Z8
bhol_ltd,GRwYo-MvBnV
bhol_ltd_ekky,GRwYo-MvBnV
biggame,G4jQw-MJ5rl
biggameb,G4jQw-MJ5rl
biggamec,G4jQw-MJ5rl
biggamed,G4jQw-MJ5rl
biggamee,G4jQw-MJ5rl
biggamef,G4jQw-MJ5rl
biggamfp,G4jQw-MJ5rl
bighosfp,GR07v-MDRlz
bighouse,GR07v-MDRlz
bighousf,GR07v-MDRlz
bighousg,GR07v-MDRlz
bighsffp,GR07v-MDRlz
bighsgfp,GR07v-MDRlz
bighurt,G4kzN-MQpYx
bikerac2,G4NzV-MLxYz
bikerace,G4NzV-MLxYz
bk2k_l4,GrxPP-Ml91r
bk2k_la2,GrxPP-Ml91r
bk2k_lg1,GrxPP-Ml91r
bk2k_lg3,GrxPP-Ml91r
bk2k_pa5,GrxPP-Ml91r
bk2k_pa7,GrxPP-Ml91r
bk2k_pf1,GrxPP-Ml91r
bk2k_pu1,GrxPP-Ml91r
bk_f4,GrO7w-M9R03
bk_l2,GrO7w-M9R03
bk_l3,GrO7w-M9R03
bk_l4,GrO7w-M9R03
black100,G5K6X-MQjwK
black10s,G5K6X-MQjwK
blackbl2,G562j-MDyoK
blackblt,G562j-MDyoK
blackjcb,G5nbD-MDyXb
blackjcc,G5nbD-MDyXb
blackjcd,G5nbD-MDyXb
blackjck,G5nbD-MDyXb
blakpyra,GRVnY-MDz0l
blakpyrb,GRVnY-MDz0l
blckhole,G41yq-MQP65
blkhol7s,G41yq-MQP65
blkhole2,G41yq-MQP65
blkhole7,G41yq-MQP65
blkholea,G41yq-MQP65
blkou_f1,GRwYo-MQoPw
blkou_f1ff,GRwYo-MQoPw
blkou_l1,GRwYo-MQoPw
blkou_l1ff,GRwYo-MQoPw
blkou_t1,GRwYo-MQoPw
blkou_t1ff,GRwYo-MQoPw
blkshpsq,G4j1L-MZerb
blvelvet,GRw0Z-Ml9Eb
bmf_at,G59zN-MLy0N
bmf_be,G59zN-MLy0N
bmf_ch,G59zN-MLy0N
bmf_cn,G59zN-MLy0N
bmf_de,G59zN-MLy0N
bmf_fr,G59zN-MLy0N
bmf_it,G59zN-MLy0N
bmf_it2,G59zN-MLy0N
bmf_it3,G59zN-MLy0N
bmf_jp,G59zN-MLy0N
bmf_nl,G59zN-MLy0N
bmf_nl302,G59zN-MLy0N
bmf_no,G59zN-MLy0N
bmf_sp,G59zN-MLy0N
bmf_sv,G59zN-MLy0N
bmf_time,G59zN-MLy0N
bmf_uk,G59zN-MLy0N
bmx,G48NB-MD384
bmxa,G48NB-MD384
bnzai_g3,GR9lZ-MkP2j
bnzai_l1,GR9lZ-MkP2j
bnzai_l3,GR9lZ-MkP2j
bnzai_pa,GR9lZ-MkP2j
bnzai_t3,GR9lZ-MkP2j
bonebffp,G5Lk0-MQjl3
bonebgfp,G5Lk0-MQjl3
bonebsfp,G5Lk0-MQjl3
bonebstf,G5Lk0-MQjl3
bonebstg,G5Lk0-MQjl3
bonebstr,G5Lk0-MQjl3
boomranb,GrEOB-MDR2Y
boomrang,GrEOB-MDR2Y
bop_d2,GRpee-MePdR
bop_d3,GRpee-MePdR
bop_d4,GRpee-MePdR
bop_d5,GRpee-MePdR
bop_d6,GRpee-MePdR
bop_d7,GRpee-MePdR
bop_d8,GRpee-MePdR
bop_l2,GRpee-MePdR
bop_l3,GRpee-MePdR
bop_l4,GRpee-MePdR
bop_l5,GRpee-MePdR
bop_l6,GRpee-MePdR
bop_l7,GRpee-MePdR
bop_l8,GRpee-MePdR
bountgfp,G5nO8-ME0Wo
bounthfp,G5nO8-ME0Wo
bountyh,G5nO8-ME0Wo
bountyhg,G5nO8-ME0Wo
bowarroa,GRoqq-MJr9K
bowarrow,GRoqq-MJr9K
br_d1,G5vZd-MQpWZ
br_d3,G5vZd-MQpWZ
br_d4,G5vZd-MQpWZ
br_l1,G5vZd-MQpWZ
br_l3,G5vZd-MQpWZ
br_l4,G5vZd-MQpWZ
br_p17,G5vZd-MQpWZ
br_p18,G5vZd-MQpWZ
bsb105,G43oE-M0ok5
bsv100r,G43oE-M0ok5
bsv102,G43oE-M0ok5
bsv102r,G43oE-M0ok5
bsv103,G43oE-M0ok5
btmn_101,GrOpb-MQ7w1
btmn_103,GrOpb-MQ7w1
btmn_106,GrOpb-MQ7w1
btmn_f13,GrOpb-MQ7w1
btmn_g13,GrOpb-MQ7w1
bttf_a20,GRpbW-MLXq2
bttf_a21,GRpbW-MLXq2
bttf_a27,GRpbW-MLXq2
bttf_a28,GRpbW-MLXq2
bttf_g27,GRpbW-MLXq2
buckrgrs,GRw8o-MDxjq
bullsen2,G4kE2-MBRzN
bullsey2,G4kE2-MBRzN
bullseye,G4kE2-MBRzN
bullseyn,G4kE2-MBRzN
bushido,GrkVZ-MLnkl
bushidoa,GrkVZ-MLnkl
bushidob,GrkVZ-MLnkl
cactjack,G5bxy-ML30z
camlight,G43KY-MQKKV
carhop,Grd6d-MLR8W
catacofp,GRoQ6-MLx0X
catacomb,GRoQ6-MLx0X
cataconb,GRoQ6-MLx0X
caveman,GR768-MLErr
cavemana,GR768-MLErr
cc_10,G4835-Mb5eO
cc_104,G4835-Mb5eO
cc_12,G4835-Mb5eO
cc_13,G4835-Mb5eO
cc_13k,G4835-Mb5eO
ccruise,GR7bJ-Mb5RN
centaur,GrX7q-MLWkn
centaura,GrX7q-MLWkn
centaurb,GrX7q-MLWkn
cftbl_d2,GrNWn-MQdqZ
cftbl_d3,GrNWn-MQdqZ
cftbl_d4,GrNWn-MQdqZ
cftbl_l2,GrNWn-MQdqZ
cftbl_l3,GrNWn-MQdqZ
cftbl_l4,GrNWn-MQdqZ
cftbl_l4c,GrNWn-MQdqZ
cftbl_p3,GrNWn-MQdqZ
charlies,G5Woz-MKNq6
cheetafp,GR6kW-Mo1W3
cheetah,GR6kW-Mo1W3
cheetah1,GR6kW-Mo1W3
cheetah2,GR6kW-Mo1W3
cheetah84,GR6kW-Mo1W3
cheetahb,GR6kW-Mo1W3
cheetahb2,GR6kW-Mo1W3
chucklck,G56jk-MnKlw
circa33,G4XD3-MJdVN
circus,G4xXK-Mx01N
circus7,G4xXK-Mx01N
cityslck,GrEVb-MLOxJ
ckpt_a17,G4Jdp-MJNrr
clas1812,G5DYX-M0oVW
clash,Grk62-MLeWx
cleoptra,GrknN-MQrdv
closeenc,G4qvL-MJwVr
clown,G5Wjo-MJ9ll
clownfp,G5Wjo-MJ9ll
cntct_l1,G5v02-MDnyO
cntforc7,GRYPN-Mz2RE
cntforce,GRYPN-Mz2RE
cobrapb,G50zO-MJ97Z
comet_l4,Gryd3-MLqjd
comet_l5,Gryd3-MLqjd
coneyis,G4qjj-MZeyb
congo_11,GrNd0-MJNW1
congo_13,GrNd0-MJNW1
congo_20,GrNd0-MJNW1
congo_20s10k,GrNd0-MJNW1
congo_21,GrNd0-MJNW1
corv_21,GrjDz-MJKN6
corv_dx1,GrjDz-MJKN6
corv_f61,GrjDz-MJKN6
corv_la1,GrjDz-MJKN6
corv_la2,GrjDz-MJKN6
corv_lx1,GrjDz-MJKN6
corv_lx2,GrjDz-MJKN6
corv_px3,GrjDz-MJKN6
corv_px4,GrjDz-MJKN6
corv_px5,GrjDz-MJKN6
cosflnsm,G5pxD-Mp48v
countdwn,G56zB-MLv9k
cp_15,G42k0-MQ6w9
cp_16,G42k0-MQ6w9
cp_16pfx,G42k0-MQ6w9
cpthook,G4jeW-MDb93
csi_102,GRokz-ML8oW
csi_103,GRokz-ML8oW
csi_104,GRokz-ML8oW
csi_200,GRokz-ML8oW
csi_210,GRokz-ML8oW
csi_230,GRokz-ML8oW
csi_240,GRokz-ML8oW
csmic_l1,GRv7B-MLqPd
cue,G4kqd-MDB6w
cueball,G5vPd-MJp7z
cueball1,G5vPd-MJp7z
cueball2,G5vPd-MJp7z
cueball3,G5vPd-MJp7z
cueballv,G5vPd-MJp7z
cv_10,GRVjJ-MLq7W
cv_11,GRVjJ-MLq7W
cv_13,GRVjJ-MLq7W
cv_14,GRVjJ-MLq7W
cv_20h,GRVjJ-MLq7W
cv_20hc,GRVjJ-MLq7W
cv_d52,GRVjJ-MLq7W
cybrnaua,GR69j-MW93o
cybrnaut,GR69j-MW93o
cycln_l1,G4O2b-MJpn4
cycln_l4,G4O2b-MJpn4
cycln_l5,G4O2b-MJpn4
cyclope1,GRwZ7-MJ7vy
cyclopes,GRwZ7-MJ7vy
dakar,GR02j-MLy1Z
dalejr,G5YWX-MQj9k
dd_l2,GRVEJ-MDq1w
dd_l3c,GRVEJ-MDq1w
dd_lu1,GRVEJ-MDq1w
dd_p06,GRVEJ-MDq1w
dd_p6,GRVEJ-MDq1w
dd_p7,GRVEJ-MDq1w
deadweap,Grj9q-MQ2EZ
dfndr_l4,G5p7D-MJNVo
dh_dx2,GrJ2Z-M61Xd
dh_lf2,GrJ2Z-M61Xd
dh_lx2,GrJ2Z-M61Xd
diamnffp,G4jXW-MQdrN
diamngfp,G4jXW-MQdrN
diamond,G4jXW-MQdrN
diamondf,G4jXW-MQdrN
diamondg,G4jXW-MQdrN
diamonfp,G4jXW-MQdrN
diner_f2,GRWBd-MLy5p
diner_g2,GRWBd-MLy5p
diner_l1,GRWBd-MLy5p
diner_l2,GRWBd-MLy5p
diner_l3,GRWBd-MLy5p
diner_l4,GRWBd-MLy5p
diner_l4fr,GRWBd-MLy5p
diner_p0,GRWBd-MLy5p
disco79,Gr83Y-MDlW2
disco_l1,G5o9o-MQpN2
dm_da1,G5bv3-MLW68
dm_dh5,G5bv3-MLW68
dm_dh5b,G5bv3-MLW68
dm_dt099,G5bv3-MLW68
dm_dt101,G5bv3-MLW68
dm_dx3,G5bv3-MLW68
dm_dx4,G5bv3-MLW68
dm_h5,G5bv3-MLW68
dm_h5b,G5bv3-MLW68
dm_h6,G5bv3-MLW68
dm_h6b,G5bv3-MLW68
dm_h6c,G5bv3-MLW68
dm_la1,G5bv3-MLW68
dm_lx3,G5bv3-MLW68
dm_lx4,G5bv3-MLW68
dm_lx4c,G5bv3-MLW68
dm_pa2,G5bv3-MLW68
dm_pa3,G5bv3-MLW68
dm_px5,G5bv3-MLW68
dm_px6,G5bv3-MLW68
dollyptb,G43Yq-MJ7o4
dollyptn,G43Yq-MJ7o4
drac_d1,G41do-MP3Py
drac_l1,G41do-MP3Py
drac_l2c,G41do-MP3Py
drac_p11,G41do-MP3Py
drac_p12,G41do-MP3Py
dracula,G4Zl2-Ml90d
draculc,G4Zl2-Ml90d
draculfp,G4Zl2-Ml90d
dragfib2,GRQkJ-MDxpK
dragfifp,GRQkJ-MDxpK
dragfis14,GRQkJ-MDxpK
dragfis15,GRQkJ-MDxpK
dragfis16,GRQkJ-MDxpK
dragfis3,GRQkJ-MDxpK
dragfis3b,GRQkJ-MDxpK
dragfisb,GRQkJ-MDxpK
dragfist,GRQkJ-MDxpK
dragon,G5Wn2-Mp4lp
dungdrag,G4JBP-MJ6jr
dvlrdffp,G5DPP-MJKbp
dvlrdfp,G5DPP-MJKbp
dvlrdgfp,G5DPP-MJKbp
dvlrdifp,G5DPP-MJKbp
dvlridef,G5DPP-MJKbp
dvlrideg,G5DPP-MJKbp
dvlridei,G5DPP-MJKbp
dvlrider,G5DPP-MJKbp
dvlsdre,GrNkY-MDbn2
dvlsdre2,GrNkY-MDbn2
dvlsdrea,GrNkY-MDbn2
dw_d1,G4x2Y-MQwwe
dw_d2,G4x2Y-MQwwe
dw_l1,G4x2Y-MQwwe
dw_l2,G4x2Y-MQwwe
dw_p5,G4x2Y-MQwwe
dw_p6,G4x2Y-MQwwe
eatpm_3g,Grlxp-MVKBW
eatpm_4g,Grlxp-MVKBW
eatpm_4u,Grlxp-MVKBW
eatpm_f1,Grlxp-MVKBW
eatpm_l1,Grlxp-MVKBW
eatpm_l2,Grlxp-MVKBW
eatpm_l4,Grlxp-MVKBW
eatpm_p7,Grlxp-MVKBW
ebalchmb,G439V-MDvWZ
eballch2,G439V-MDvWZ
eballchp,G439V-MDvWZ
eballd14,G5KXk-MLB9V
eballdla,G5KXk-MLB9V
eballdlb,G5KXk-MLB9V
eballdlc,G5KXk-MLB9V
eballdld,G5KXk-MLB9V
eballdlx,G5KXk-MLB9V
eballdp1,G5KXk-MLB9V
eballdp2,G5KXk-MLB9V
eballdp3,G5KXk-MLB9V
eballdp4,G5KXk-MLB9V
eclipse,G4ddn-MLX3E
eclipse7,G4ddn-MLX3E
eightblb,GrN7J-MJ78q
eightblc,GrN7J-MJ78q
eightbll,GrN7J-MJ78q
eightblo,GrN7J-MJ78q
eldorado,GrEZ5-MQ2jo
elektra,GRVld-MDE3l
elektraa,GRVld-MDE3l
elv100,G4qbX-MJw5r
elv302,G4qbX-MJw5r
elv302f,G4qbX-MJw5r
elv302g,G4qbX-MJw5r
elv302i,G4qbX-MJw5r
elv302l,G4qbX-MJw5r
elv303,G4qbX-MJw5r
elv303f,G4qbX-MJw5r
elv303g,G4qbX-MJw5r
elv303i,G4qbX-MJw5r
elv303l,G4qbX-MJw5r
elv400,G4qbX-MJw5r
elv400f,G4qbX-MJw5r
elv400g,G4qbX-MJw5r
elv400i,G4qbX-MJw5r
elv400l,G4qbX-MJw5r
elvis,G4qbX-MJw5r
elvisf,G4qbX-MJw5r
elvisg,G4qbX-MJw5r
elvisi,G4qbX-MJw5r
elvisl,G4qbX-MJw5r
embryon,G4qk7-MNEjx
embryona,G4qk7-MNEjx
embryonb,G4qk7-MNEjx
embryonc,G4qk7-MNEjx
embryond,G4qk7-MNEjx
embryone,G4qk7-MNEjx
erosone,G5LOx-MD1p8
esclwrld,G5oEz-MQ7Zw
esclwrlg,G5oEz-MQ7Zw
esha_l4c,GRw0r-Mp42p
esha_la1,GRw0r-Mp42p
esha_la3,GRw0r-Mp42p
esha_lg1,GRw0r-Mp42p
esha_lg2,GRw0r-Mp42p
esha_ma3,GRw0r-Mp42p
esha_pa1,GRw0r-Mp42p
esha_pa4,GRw0r-Mp42p
esha_pr4,GRw0r-Mp42p
evelknib,G59wx-MLnZ3
evelknic,G59wx-MLnZ3
evelknie,G59wx-MLnZ3
ewf,GR96Q-MNEnx
ewfa,GR96Q-MNEnx
ewff,GR96Q-MNEnx
excalbfp,GrPbb-MJZX6
excalffp,GrPbb-MJZX6
excalgfp,GrPbb-MJZX6
excaliba,GrPbb-MJZX6
excalibg,GrPbb-MJZX6
excalibr,GrPbb-MJZX6
f14_l1,GRY2O-MLWdy
f14_p3,GRY2O-MLWdy
f14_p4,GRY2O-MLWdy
f14_p5,GRY2O-MLWdy
famlyfun,GRoW6-MQk81
farfalla,GRVw2-M4oWO
farfallaa,GRVw2-M4oWO
farfallf,GRVw2-M4oWO
farfallfa,GRVw2-M4oWO
farfallg,GRVw2-M4oWO
farfallga,GRVw2-M4oWO
farfalli,GRVw2-M4oWO
farfallia,GRVw2-M4oWO
farfffp,GRVw2-M4oWO
farffp,GRVw2-M4oWO
farfgfp,GRVw2-M4oWO
farfifp,GRVw2-M4oWO
fathom,GrPO3-M9Rpx
fathoma,GrPO3-M9Rpx
fathomb,GrPO3-M9Rpx
fball_ia,Gry7q-MwNE2
fball_ii,Gry7q-MwNE2
fbclass,G48ZN-MLONl
fbclassa,G48ZN-MLONl
ffv101,GRKKk-MLxwP
ffv103,GRKKk-MLxwP
ffv104,GRKKk-MLxwP
fg_1000af,G5LW9-MQ6N5
fg_1000ag,G5LW9-MQ6N5
fg_1000ai,G5LW9-MQ6N5
fg_1000al,G5LW9-MQ6N5
fg_1100af,G5LW9-MQ6N5
fg_1100ag,G5LW9-MQ6N5
fg_1100ai,G5LW9-MQ6N5
fg_1100al,G5LW9-MQ6N5
fg_1200af,G5LW9-MQ6N5
fg_1200ag,G5LW9-MQ6N5
fg_1200ai,G5LW9-MQ6N5
fg_1200al,G5LW9-MQ6N5
fg_200a,G5LW9-MQ6N5
fg_300ai,G5LW9-MQ6N5
fg_400a,G5LW9-MQ6N5
fg_400ag,G5LW9-MQ6N5
fg_700af,G5LW9-MQ6N5
fg_700al,G5LW9-MQ6N5
fg_800al,G5LW9-MQ6N5
fh_905h,G5Dz7-Mq139
fh_906h,G5Dz7-Mq139
fh_907h,G5Dz7-Mq139
fh_d3,G5Dz7-Mq139
fh_d4,G5Dz7-Mq139
fh_d5,G5Dz7-Mq139
fh_d9,G5Dz7-Mq139
fh_d9b,G5Dz7-Mq139
fh_f91,G5Dz7-Mq139
fh_l2,G5Dz7-Mq139
fh_l3,G5Dz7-Mq139
fh_l4,G5Dz7-Mq139
fh_l5,G5Dz7-Mq139
fh_l9,G5Dz7-Mq139
fh_l9b,G5Dz7-Mq139
fh_pa1,G5Dz7-Mq139
fire_l2,G41Lo-MJp3y
fire_l3,G41Lo-MJp3y
firebird,G4xpN-MRjPo
firemntn,G4E9p-MDOrl
firemntnf,G4E9p-MDOrl
flash_l1,Grypn-MQdbe
flash_l1ff,Grypn-MQdbe
flash_l2,Grypn-MQdbe
flash_t1,Grypn-MQdbe
flash_t1ff,Grypn-MQdbe
flashgda,G5728-MDbjD
flashgdf,G5728-MDbjD
flashgdn,G5728-MDbjD
flashgdp,G5728-MDbjD
flashgdv,G5728-MDbjD
flashgfa,G5728-MDbjD
flashgp2,G5728-MDbjD
flashgva,G5728-MDbjD
flashgvf,G5728-MDbjD
flashgvffp,G5728-MDbjD
flicker,GrEOB-MJZYw
flight2k,G48kY-MDxRV
flight2m,G48kY-MDxRV
flight2mb,G48kY-MDxRV
flightfp,G48kY-MDxRV
foathens,G5LOx-MDlR2
forceii,G5Wpk-MDWpy
forceii7,G5Wpk-MDWpy
fourx4,G59VQ-MLBVl
foxylady,G48Ex-MDWNj
fpwr2_l2,GRWYk-Mb5OV
frankst,GRB7E-MP3rR
frankstg,GRB7E-MP3rR
franksti,GRB7E-MP3rR
freddy,GRzB7-MD8ld
freddy4,GRzB7-MD8ld
freedom,GR9qY-MD3Px
freedoma,GR9qY-MD3Px
freedomb,GR9qY-MD3Px
freefafp,G5W9p-MJw0B
freefall,G5W9p-MJw0B
frontiea,GRwjq-MJwrd
frontieg,GRwjq-MJwrd
frontier,GRwjq-MJwrd
frpwr_a6,G5VDd-MJpqO
frpwr_a7,G5VDd-MJpqO
frpwr_b6,G5VDd-MJpqO
frpwr_b7,G5VDd-MJpqO
frpwr_c6,G5VDd-MJpqO
frpwr_c7,G5VDd-MJpqO
frpwr_d6,G5VDd-MJpqO
frpwr_d7,G5VDd-MJpqO
frpwr_e7,G5VDd-MJpqO
frpwr_l2,G5VDd-MJpqO
frpwr_l2ff,G5VDd-MJpqO
frpwr_l6,G5VDd-MJpqO
frpwr_l6ff,G5VDd-MJpqO
frpwr_t6,G5VDd-MJpqO
frpwr_t6ff,G5VDd-MJpqO
fs_dx2,GRK95-MQ674
fs_dx4,GRK95-MQ674
fs_dx5,GRK95-MQ674
fs_la5,GRK95-MQ674
fs_lx2,GRK95-MQ674
fs_lx3,GRK95-MQ674
fs_lx4,GRK95-MQ674
fs_lx5,GRK95-MQ674
fs_sp2,GRK95-MQ674
fs_sp2d,GRK95-MQ674
ft_d5,G5Wxd-MLxl3
ft_d6,G5Wxd-MLxl3
ft_l3,G5Wxd-MLxl3
ft_l4,G5Wxd-MLxl3
ft_l5,G5Wxd-MLxl3
ft_l5p,G5Wxd-MLxl3
ft_p2,G5Wxd-MLxl3
ft_p4,G5Wxd-MLxl3
ft_p5,G5Wxd-MLxl3
futurspa,G5Dbo-M3dv6
futurspb,G5Dbo-M3dv6
futurwld,G5Kl7-MDxel
futurwldf,G5Kl7-MDxel
galaxy,GrdDB-ML8xK
galaxyb,GrdDB-ML8xK
galaxyc,GrdDB-ML8xK
galaxyfp,GrdDB-ML8xK
galaxyps,GrdDB-ML8xK
gamatron,GRo6e-MQPov
gamesnsm,GR9NZ-MJ97O
genesffp,Gr2wz-MLBob
genesgfp,Gr2wz-MLBob
genesifp,Gr2wz-MLBob
genesis,Gr2wz-MLBob
genesisf,Gr2wz-MLBob
genesisg,Gr2wz-MLBob
genie,GRBKZ-ML8Oe
gi_d3,GRBxQ-MnKX7
gi_d4,GRBxQ-MnKX7
gi_d6,GRBxQ-MnKX7
gi_d9,GRBxQ-MnKX7
gi_l3,GRBxQ-MnKX7
gi_l4,GRBxQ-MnKX7
gi_l6,GRBxQ-MnKX7
gi_l8,GRBxQ-MnKX7
gi_l9,GRBxQ-MnKX7
gladiatr,G4P9q-MLnOY
gldneye,G43wE-MQV5K
gldwgffp,G5WXd-MJrER
gldwggfp,G5WXd-MJrER
gldwingf,G5WXd-MJrER
gldwingg,G5WXd-MJrER
gnr_300,GrPKV-MyNoP
gnr_300d,GrPKV-MyNoP
gnr_300f,GrPKV-MyNoP
godz_090,G5po2-MeP6B
godz_100,G5po2-MeP6B
godzilla,G5po2-MeP6B
goinnuts,GnPPP-M7ZBR
goldbalb,Grjlx-MQkz3
goldbalc,Grjlx-MQkz3
goldball,Grjlx-MQkz3
goldbaln,Grjlx-MQkz3
goldcue,GRYzo-MP3p7
goldwgfp,G5WXd-MJrER
goldwing,G5WXd-MJrER
gpr301,G5YWX-MDxXX
gpr301f,G5YWX-MDxXX
gpr301g,G5YWX-MDxXX
gpr301i,G5YWX-MDxXX
gpr301l,G5YWX-MDxXX
gpr340,G5YWX-MDxXX
gpr340f,G5YWX-MDxXX
gpr340g,G5YWX-MDxXX
gpr340i,G5YWX-MDxXX
gpr340l,G5YWX-MDxXX
gpr350,G5YWX-MDxXX
gpr350f,G5YWX-MDxXX
gpr350g,G5YWX-MDxXX
gpr350i,G5YWX-MDxXX
gpr350l,G5YWX-MDxXX
gpr352,G5YWX-MDxXX
gpr352f,G5YWX-MDxXX
gpr352g,G5YWX-MDxXX
gpr352i,G5YWX-MDxXX
gpr352l,G5YWX-MDxXX
gpr400,G5YWX-MDxXX
gpr400f,G5YWX-MDxXX
gpr400g,G5YWX-MDxXX
gpr400i,G5YWX-MDxXX
gpr400l,G5YWX-MDxXX
gprix,G5YWX-MDxXX
gprixf,G5YWX-MDxXX
gprixg,G5YWX-MDxXX
gprixi,G5YWX-MDxXX
gprixl,G5YWX-MDxXX
grand8,G5bQq-MkPW7
grand_l1,G4XPZ-M7Zob
grand_l3,G4XPZ-M7Zob
grand_l4,G4XPZ-M7Zob
granny,G4OKd-Mb51r
gransl4a,G4PL3-MLeBP
gransla4,G4PL3-MLeBP
granslaa,G4PL3-MLeBP
granslam,G4PL3-MLeBP
grgar_c1,G5zd6-MJVo4
grgar_l1,G5zd6-MJVo4
grgar_l1ff,G5zd6-MJVo4
grgar_l2,G5zd6-MJVo4
grgar_t1,G5zd6-MJVo4
grgar_t1ff,G5zd6-MJVo4
gs_la3,G5V92-MJ9XO
gs_lg6,G5V92-MJ9XO
gs_lu3,G5V92-MJ9XO
gs_lu4,G5V92-MJ9XO
gw_d1,Grx8Y-MKNe9
gw_d2,Grx8Y-MKNe9
gw_d3,Grx8Y-MKNe9
gw_d5,Grx8Y-MKNe9
gw_l1,Grx8Y-MKNe9
gw_l2,Grx8Y-MKNe9
gw_l3,Grx8Y-MKNe9
gw_l5,Grx8Y-MKNe9
gw_l5c,Grx8Y-MKNe9
gw_p7,Grx8Y-MKNe9
gw_p8,Grx8Y-MKNe9
gw_pb,Grx8Y-MKNe9
gw_pc,Grx8Y-MKNe9
gw_pd,Grx8Y-MKNe9
gwarfare,G436N-MQw3K
hardbdyd,GRbX3-M7ZK3
hardbdyg,GRbX3-M7ZK3
hardbody,GRbX3-M7ZK3
harl_a10,G56lO-Mx00O
harl_a13,G56lO-Mx00O
harl_a18,G56lO-MDXpW
harl_a30,G56lO-MDXpW
harl_a40,G56lO-MDXpW
harl_f13,G56lO-Mx00O
harl_f18,G56lO-MDXpW
harl_f30,G56lO-MDXpW
harl_f40,G56lO-MDXpW
harl_g13,G56lO-Mx00O
harl_g18,G56lO-MDXpW
harl_g30,G56lO-MDXpW
harl_g40,G56lO-MDXpW
harl_i13,G56lO-Mx00O
harl_i18,G56lO-MDXpW
harl_i30,G56lO-MDXpW
harl_i40,G56lO-MDXpW
harl_l13,G56lO-Mx00O
harl_l18,G56lO-MDXpW
harl_l30,G56lO-MDXpW
harl_l40,G56lO-MDXpW
harl_u13,G56lO-Mx00O
hd_d1,Gr2L0-MDz1W
hd_d2,Gr2L0-MDz1W
hd_d3,Gr2L0-MDz1W
hd_l1,Gr2L0-MDz1W
hd_l2,Gr2L0-MDz1W
hd_l3,Gr2L0-MDz1W
heartspd,G5pkl-MJPrP
hercules,G4NOx-MyNYZ
hexagone,GRBKZ-MyNN8
hglbtrtb,GRnwQ-M9R5d
hglbtrtr,GRnwQ-M9R5d
hh,G5BP6-MJK4Z
hh7,G5BP6-MJK4Z
hh_1,G5BP6-MJK4Z
hh_3,G5BP6-MJK4Z
hh_3a,G5BP6-MJK4Z
hh_3b,G5BP6-MJK4Z
hh_4,G5BP6-MJK4Z
hh_4a,G5BP6-MJK4Z
hh_4b,G5BP6-MJK4Z
hirol210,G4JZ4-ML0pL
hirol_fr,G4JZ4-ML0pL
hirol_g3,G4JZ4-ML0pL
hirol_gr,G4JZ4-ML0pL
hirol_it,G4JZ4-ML0pL
hirolcas,G4JZ4-ML0pL
hirolcat,G4JZ4-ML0pL
hlywdhfp,G5B9Z-MLBjW
hlywhffp,G5B9Z-MLBjW
hlywhgfp,G5B9Z-MLBjW
hlywodhf,G5B9Z-MLBjW
hlywodhg,G5B9Z-MLBjW
hlywoodh,G5B9Z-MLBjW
hod,GRVpL-MJjPR
hodf,GRVpL-MJjPR
hoedown,G4J11-MJ9B1
hook_400,G42EQ-MJYpj
hook_401,G42EQ-MJYpj
hook_401p,G42EQ-MJYpj
hook_404,G42EQ-MJYpj
hook_408,G42EQ-MJYpj
hook_500,G42EQ-MJYpj
hook_501,G42EQ-MJYpj
hook_e406,G42EQ-MJYpj
hook_f401,G42EQ-MJYpj
hoops,G4j2z-MDb0Z
hotdogga,GrENE-MD0dz
hotdoggb,GrENE-MD0dz
hotdoggn,GrENE-MD0dz
hothand,GRvNk-MQkro
hothanfp,GRvNk-MQkro
hotshffp,GrEVz-MOEzv
hotshgfp,GrEVz-MOEzv
hotshotf,GrEVz-MOEzv
hotshotg,GrEVz-MOEzv
hotshots,GrEVz-MOEzv
hotshtfp,GrEVz-MOEzv
hotwheel,GrOY9-Mq14V
hotwheelf,GrOY9-Mq14V
hs_l3,GRvzd-MLxV8
hs_l4,GRvzd-MLxV8
hs_l4c,GRvzd-MLxV8
hs_p4g,GRvzd-MLxV8
httip_l1,Grep0-MQYN4
hulk,GRQW7-MLW5P
hurr_d2,GrX09-M85bb
hurr_l2,GrX09-M85bb
hvymetag,GRo3e-MQ7OW
hvymetal,GRo3e-MQ7OW
i500_10r,Gr8l3-MDWr0
i500_11b,Gr8l3-MDWr0
i500_11r,Gr8l3-MDWr0
icefever,G43DV-MQYKB
id4,G4doQ-MKNN9
id4_201,G4doQ-MKNN9
id4_201f,G4doQ-MKNN9
id4f,G4doQ-MKNN9
ij4_113,G4e1d-MJ5Bj
ij4_113f,G4e1d-MJ5Bj
ij4_113g,G4e1d-MJ5Bj
ij4_113i,G4e1d-MJ5Bj
ij4_113l,G4e1d-MJ5Bj
ij4_114,G4e1d-MJ5Bj
ij4_114f,G4e1d-MJ5Bj
ij4_114g,G4e1d-MJ5Bj
ij4_114i,G4e1d-MJ5Bj
ij4_114l,G4e1d-MJ5Bj
ij4_116,G4e1d-MJ5Bj
ij4_116f,G4e1d-MJ5Bj
ij4_116g,G4e1d-MJ5Bj
ij4_116i,G4e1d-MJ5Bj
ij4_116l,G4e1d-MJ5Bj
ij4_210,G4e1d-MJ5Bj
ij4_210f,G4e1d-MJ5Bj
ij_d3,G4xZy-MLno6
ij_d4,G4xZy-MLno6
ij_d5,G4xZy-MLno6
ij_d6,G4xZy-MLno6
ij_d7,G4xZy-MLno6
ij_dg7,G4xZy-MLno6
ij_h1,G4xZy-MLno6
ij_i1,G4xZy-MLno6
ij_l3,G4xZy-MLno6
ij_l4,G4xZy-MLno6
ij_l5,G4xZy-MLno6
ij_l6,G4xZy-MLno6
ij_l7,G4xZy-MLno6
ij_lg7,G4xZy-MLno6
ij_p2,G4xZy-MLno6
im_100,GRVq4-MLyxq
im_110,GRVq4-MLyxq
im_120,GRVq4-MLyxq
im_140,GRVq4-MLyxq
im_160,GRVq4-MLyxq
im_181,GRVq4-MLyxq
im_182,GRVq4-MLyxq
im_183,GRVq4-MLyxq
im_183ve,GRVq4-M4oNp
im_185,GRVq4-MLyxq
im_185ve,GRVq4-M4oNp
im_186,GRVq4-MLyxq
im_186ve,GRVq4-M4oNp
iomoon,G42W2-MLzj5
ironmafp,G4yZN-MDEP7
ironmaid,G4yZN-MDEP7
jack2opn,GrPpb-MDyOy
jamesb,G4PXJ-MQPlw
jamesb2,G4PXJ-MQPlw
jamesb7,G4PXJ-MQPlw
jamesb7b,G4PXJ-MQPlw
jb_04a,GRKOX-MLyrW
jb_101b,GRKOX-MLyrW
jb_101r,GRKOX-MLyrW
jb_10b,GRKOX-MLyrW
jb_10r,GRKOX-MLyrW
jd_d1,GRoZw-MLW3j
jd_d4,GRoZw-MLW3j
jd_d5,GRoZw-MLW3j
jd_d6,GRoZw-MLW3j
jd_d7,GRoZw-MLW3j
jd_l1,GRoZw-MLW3j
jd_l1at,GRoZw-MLW3j
jd_l1d,GRoZw-MLW3j
jd_l4,GRoZw-MLW3j
jd_l5,GRoZw-MLW3j
jd_l6,GRoZw-MLW3j
jd_l7,GRoZw-MLW3j
jm_05r,GR6W8-Mb55B
jm_12b,GR6W8-Mb55B
jm_12r,GR6W8-Mb55B
jngld_l1,G5nkY-MDv88
jngld_l2,G5nkY-MDv88
jngld_nt,G5nkY-MDv88
jngld_ntl2,G5nkY-MDv88
jngld_ntl2b,G5nkY-MDv88
jngld_ntl3,G5nkY-MDv88
jokrpokr,GR9o1-MQjj8
jokrz_g4,Gry3j-Mq1Oe
jokrz_l3,Gry3j-Mq1Oe
jokrz_l6,Gry3j-Mq1Oe
jolypark,G4jWq-MLyl0
jpapillon,GR6VW-MBRwz
jplstw20,G4kBL-MLndo
jplstw22,G4kBL-MLndo
jst_l1,G4den-MLRYK
jst_l2,G4den-MLRYK
jupk_305,G4ZVB-MJ5lE
jupk_307,G4ZVB-MJ5lE
jupk_501,G4ZVB-MJ5lE
jupk_513,G4ZVB-MJ5lE
jupk_600,G4ZVB-MJ5lE
jupk_g51,G4ZVB-MJ5lE
jy_03,GRLlj-MQZN8
jy_11,GRLlj-MQZN8
jy_12,GRLlj-MQZN8
jy_12c,GRLlj-MQZN8
kiko_a10,G5BNq-MDB4d
kiss,G4jXr-MQ6kz
kissb,G4jXr-MQ6kz
kissc,G4jXr-MQ6kz
kissd,G4jXr-MQ6kz
kisse,G4jXr-MQ6kz
kissf,G4jXr-MQ6kz
kissp,G4jXr-MQ6kz
kissp2,G4jXr-MQ6kz
kosteel,GR67j-M7ZYy
kosteela,GR67j-M7ZYy
kpb105,G48od-MJNnn
kpb106,G48od-MJNnn
kpv106,G48od-MJNnn
krull,GV881-MBRNV
ladyluck,GR0nO-MdE2B
ladyshot,G48NN-MLqOw
lah_107,GRwyq-MW9lN
lah_110,GRwyq-MW9lN
lah_112,GRwyq-MW9lN
lah_113,GRwyq-MW9lN
lah_c106,GRwyq-MW9lN
lah_f104,GRwyq-MW9lN
lah_l104,GRwyq-MW9lN
lah_l108,GRwyq-MW9lN
lah_l108_105,GRwyq-MW9lN
lca,GrlZe-MQY0Y
lca2,GrlZe-MQY0Y
lckydraa,G4x0p-MDyyq
lckydraw,G4x0p-MDyyq
ldyshot2,G48NN-MLqOw
lectrofp,GRWd2-MQ4Ye
lectrono,GRWd2-MQ4Ye
leking,Grqn7-MLE0K
lightnfp,G5pQ8-Mq14e
lightnib,G5pQ8-Mq14e
lightnic,G5pQ8-Mq14e
lightnid,G5pQ8-Mq14e
lightnin,G5pQ8-Mq14e
lizard,GR9ko-MLzrW
locomotn,G4d7B-MJVlK
locomotnf,G4d7B-MJVlK
lostspc,GR91x-MLBZE
lostspc1,GR91x-MLBZE
lostspcf,GR91x-MLBZE
lostspcg,GR91x-MLBZE
lostwldb,G5pEk-MDWe4
lostwrld,G5pEk-MDWe4
lotr,GrqZX-MD15w
lotr3,GrqZX-MD15w
lotr4,GrqZX-MD15w
lotr41,GrqZX-MD15w
lotr5,GrqZX-MD15w
lotr51,GrqZX-MD15w
lotr6,GrqZX-MD15w
lotr7,GrqZX-MD15w
lotr8,GrqZX-MD15w
lotr9,GrqZX-MD15w
lotr_f41,GrqZX-MD15w
lotr_f51,GrqZX-MD15w
lotr_fr,GrqZX-MD15w
lotr_fr4,GrqZX-MD15w
lotr_fr5,GrqZX-MD15w
lotr_fr6,GrqZX-MD15w
lotr_fr7,GrqZX-MD15w
lotr_fr8,GrqZX-MD15w
lotr_fr9,GrqZX-MD15w
lotr_g41,GrqZX-MD15w
lotr_g51,GrqZX-MD15w
lotr_gr,GrqZX-MD15w
lotr_gr4,GrqZX-MD15w
lotr_gr5,GrqZX-MD15w
lotr_gr6,GrqZX-MD15w
lotr_gr7,GrqZX-MD15w
lotr_gr8,GrqZX-MD15w
lotr_gr9,GrqZX-MD15w
lotr_i41,GrqZX-MD15w
lotr_i51,GrqZX-MD15w
lotr_it,GrqZX-MD15w
lotr_it4,GrqZX-MD15w
lotr_it5,GrqZX-MD15w
lotr_it6,GrqZX-MD15w
lotr_it7,GrqZX-MD15w
lotr_it8,GrqZX-MD15w
lotr_it9,GrqZX-MD15w
lotr_le,GrqZX-MD15w
lotr_s51,GrqZX-MD15w
lotr_sp,GrqZX-MD15w
lotr_sp4,GrqZX-MD15w
lotr_sp5,GrqZX-MD15w
lotr_sp6,GrqZX-MD15w
lotr_sp7,GrqZX-MD15w
lotr_sp8,GrqZX-MD15w
lotr_sp9,GrqZX-MD15w
lsrcu_l2,GRvJV-MJ4bR
lsrcu_l3,GRvJV-MJ4bR
lucky_l1,G5D3O-Ml9xp
lw3_200,GRokL-MQP78
lw3_203,GRokL-MQP78
lw3_205,GRokL-MQP78
lw3_207,GRokL-MQP78
lw3_208,GRokL-MQP78
lw3_208p,GRokL-MQP78
lw3_300,GRokL-MQP78
lw3_301,GRokL-MQP78
lw3_e204,GRokL-MQP78
lwar_a81,G5one-MQY5V
lwar_a83,G5one-MQY5V
lwar_e90,G5one-MQY5V
lzbal_l2,GRBXl-MLq9k
lzbal_l2ff,GRBXl-MLq9k
lzbal_l2sp,GRBXl-MLq9k
lzbal_l2spff,GRBXl-MLq9k
lzbal_t2,GRBXl-MLq9k
lzbal_t2ff,GRBXl-MLq9k
m_mpac,Gr2Dk-MQNy7
m_mpaca,Gr2Dk-MQNy7
m_mpacb,Gr2Dk-MQNy7
macattck,GrJ07-MjB7X
mach2,G4lVe-MQjwb
mach2a,G4lVe-MQjwb
magic,G4eyp-MJ7XY
magicb,G4eyp-MJ7XY
magicfp,G4eyp-MJ7XY
mars,GrNpY-MJrZw
mars7,GrNpY-MJrZw
mars_2,GrNpY-MJrZw
marsf,GrNpY-MJrZw
marsp,GrNpY-MJrZw
mataharb,G417e-MDvXz
mataharc,G417e-MDvXz
matahard,G417e-MDvXz
matahard7,G417e-MDvXz
matahari,G417e-MDvXz
matatest,G417e-MDvXz
mav_100,GrN9V-ML8nw
mav_200,GrN9V-ML8nw
mav_400,GrN9V-ML8nw
mav_401,GrN9V-ML8nw
mav_402,GrN9V-ML8nw
mav_404g,GrN9V-ML8nw
mb_05,Gr3EW-MD3Nj
mb_10,Gr3EW-MD3Nj
mb_106,Gr3EW-MD3Nj
mb_106b,Gr3EW-MD3Nj
mcastffp,G5v2B-MQ2xy
mcastfp,G5v2B-MQ2xy
mcastgfp,G5v2B-MQ2xy
mcastifp,G5v2B-MQ2xy
mcastle,G5v2B-MQ2xy
mcastlef,G5v2B-MQ2xy
mcastleg,G5v2B-MQ2xy
mcastlei,G5v2B-MQ2xy
medusa,G4xXQ-MDWW1
medusaa,G4xXQ-MDWW1
medusaf,G4xXQ-MDWW1
memlane,Gry0Z-MP3zR
memlanfp,Gry0Z-MP3zR
meteor,G5b38-MDqkx
meteora,G5b38-MDqkx
meteora2,G5b38-MDqkx
meteorb,G5b38-MDqkx
meteorbf,G5b38-MDqkx
meteorc,G5b38-MDqkx
meteord,G5b38-MDqkx
meteore,G5b38-MDqkx
meteore7,G5b38-MDqkx
meteorf,G5b38-MDqkx
meteorf7,G5b38-MDqkx
meteorfp,G5b38-MDqkx
meteorg,G5b38-MDqkx
meteorg7,G5b38-MDqkx
meteorns,G5b38-MDqkx
mexicifp,GrxeN-MD0ky
mexico,GrxeN-MD0ky
mexicofp,GrxeN-MD0ky
mexicoi,GrxeN-MD0ky
midearta,G4OzV-MJN4z
mideartf,G4OzV-MJN4z
midearth,G4OzV-MJN4z
mideartp,G4OzV-MJN4z
milln_l3,G5n38-M1rw3
mj_130,G57EJ-MLWB9
mm_05,G5pe4-MePZv
mm_10,G5pe4-MePZv
mm_109,G5pe4-MePZv
mm_109b,G5pe4-MePZv
mm_109c,G5pe4-MePZv
mm_10pfx,G5pe4-MePZv
mm_10u,G5pe4-MePZv
mnfb_c27,G5zZ7-Mp474
mnfb_c29,G5zZ7-Mp474
mntcr2fp,G578Y-MJNzE
mntcrafp,G578Y-MJNzE
mntcrffp,G578Y-MJNzE
mntcrfmfp,G578Y-MJNzE
mntcrgfp,G578Y-MJNzE
mntcrgmfp,G578Y-MJNzE
mntcrmfp,G578Y-MJNzE
mntecrfp,G578Y-MJNzE
mntecrl2,G578Y-MJNzE
mntecrla,G578Y-MJNzE
mntecrlf,G578Y-MJNzE
mntecrlg,G578Y-MJNzE
mntecrlga,G578Y-MJNzE
mntecrlo,G578Y-MJNzE
monoi251,G48w3-Mq1Zk
monop233,G48w3-Mq1Zk
monop251,G48w3-Mq1Zk
monop301,G48w3-Mq1Zk
monopole,G48w3-Mq1Zk
monopolf,G48w3-Mq1Zk
monopolg,G48w3-Mq1Zk
monopoli,G48w3-Mq1Zk
monopoll,G48w3-Mq1Zk
monopoly,G48w3-Mq1Zk
motrdomb,Gr8PN-MDqlN
motrdome,Gr8PN-MDqlN
motrdomf,Gr8PN-MDqlN
motrdomg,Gr8PN-MDqlN
motrshow,GRb2y-MZezV
motrshwa,GRb2y-MZezV
mousn_l1,G43oq-MJp02
mousn_l4,G43oq-MJp02
mousn_l4c,G43oq-MJp02
mousn_lu,G43oq-MJp02
mrblkz80,G429k-Mq169
mt_120,GR6bk-MDE6e
mt_130,GR6bk-MDE6e
mt_130h,GrPOR-MLq5x
mt_140,GR6bk-MDE6e
mt_140h,GrPOR-MLq5x
mt_140hb,GrPOR-M61Pw
mt_145,GR6bk-MDE6e
mt_145c,GR6bk-MDE6e
mt_145h,GrPOR-MLq5x
mt_145hb,GrPOR-M61Pw
mt_145hc,GrPOR-MLq5x
mtl_052,GRBE4-MQK1Z
mtl_103,GRBE4-MQK1Z
mtl_105,GRBE4-MQK1Z
mtl_106,GRBE4-MQK1Z
mtl_112,GRBE4-MQK1Z
mtl_113,GRBE4-MQK1Z
mtl_113h,GRBE4-MOE4l
mtl_116,GRBE4-MQK1Z
mtl_116h,GRBE4-MOE4l
mtl_120,GRBE4-MQK1Z
mtl_120h,GRBE4-MOE4l
mtl_122,GRBE4-MQK1Z
mtl_122h,GRBE4-MOE4l
mtl_150,GRBE4-MQK1Z
mtl_150h,GRBE4-MOE4l
mtl_151,GRBE4-MQK1Z
mtl_151h,GRBE4-MOE4l
mtl_160,GRBE4-MQK1Z
mtl_160h,GRBE4-MOE4l
mtl_163,GRBE4-MQK1Z
mtl_163d,GRBE4-MQK1Z
mtl_163h,GRBE4-MOE4l
mtl_164,GRBE4-MQK1Z
mtl_164c,GRBE4-MQK1Z
mtl_164h,GRBE4-MOE4l
mtl_164hc,GRBE4-MOE4l
mtl_170,GRBE4-MQK1Z
mtl_170c,GRBE4-MQK1Z
mtl_170h,GRBE4-MOE4l
mtl_170hc,GRBE4-MOE4l
mtl_180,GRBE4-MQK1Z
mtl_180c,GRBE4-MQK1Z
mtl_180h,GRBE4-MOE4l
mtl_180hc,GRBE4-MOE4l
mystcasa,G5vZZ-MQNNo
mystcast,G5vZZ-MQNNo
mystic,G5Bnl-MLnw6
mysticb,G5Bnl-MLnw6
myststar,G5QOw-M61dY
nas301,G5YWX-MQ4VW
nas301l,G5YWX-MQ4VW
nas340,G5YWX-MQ4VW
nas340l,G5YWX-MQ4VW
nas350,G5YWX-MQ4VW
nas350l,G5YWX-MQ4VW
nas352,G5YWX-MQ4VW
nas352l,G5YWX-MQ4VW
nas400,G5YWX-MQ4VW
nas400l,G5YWX-MQ4VW
nascar,G5YWX-MQ4VW
nascarl,G5YWX-MQ4VW
nba_500,G5K19-MBRlz
nba_600,G5K19-MBRlz
nba_700,G5K19-MBRlz
nba_801,G5K19-MBRlz
nba_802,G5K19-MBRlz
nbaf_11,GrO0D-MQolo
nbaf_115,GrO0D-MQolo
nbaf_11a,GrO0D-MQolo
nbaf_11s,GrO0D-MQolo
nbaf_21,GrO0D-MQolo
nbaf_22,GrO0D-MQolo
nbaf_23,GrO0D-MQolo
nbaf_31,GrO0D-MQolo
newwave,GRB8Z-MQKXV
nf_08x,Gr2Y2-MDxZq
nf_101,Gr2Y2-MDxZq
nf_10f,Gr2Y2-MDxZq
nf_11x,Gr2Y2-MDxZq
nf_20,Gr2Y2-MDxZq
nf_22,Gr2Y2-MDxZq
nf_23,Gr2Y2-MDxZq
nf_23f,Gr2Y2-MDxZq
nf_23x,Gr2Y2-MDxZq
nfl,GRVjq-MD0z2
ngg_10,G57X4-MLb1y
ngg_12,G57X4-MLb1y
ngg_13,G57X4-MLb1y
ngg_p06,G57X4-MLb1y
ngndshkb,GrP6q-M5Rp1
ngndshkm,GrP6q-M5Rp1
ngndshkr,GrP6q-M5Rp1
nightr20,GryQj-MLvN7
nightrdb,GryQj-MLvN7
nightrdc,GryQj-MLvN7
nightrdr,GryQj-MLvN7
ninebafp,G4jjx-MDbz2
ninebala,G4jjx-MDbz2
ninebalb,G4jjx-MDbz2
ninebalc,G4jjx-MDbz2
ninebald,G4jjx-MDbz2
nineball,G4jjx-MDbz2
nmoves,G4NY0-MDE29
nmovesfp,G4NY0-MDE29
nstrpffp,G5VYY-MRjqd
nstrphfp,G5VYY-MRjqd
nstrphnf,G5VYY-MRjqd
nstrphnx,G5VYY-MRjqd
nugent,G5VWL-MLRjl
nugentfp,G5VWL-MLRjl
olympic,GreWJ-MLb7N
opthund,Gr3Lq-MJZo5
orbitofp,Grx7Q-Mp45k
orbitor1,Grx7Q-Mp45k
orbitora,Grx7Q-Mp45k
orbitorb,Grx7Q-Mp45k
orbitorc,Grx7Q-Mp45k
panther7,G5bQq-MQ4ob
panthera,G5bQq-MQ4ob
paragon,GrXy3-ML0Ey
paragonb,GrXy3-ML0Ey
paragonc,GrXy3-ML0Ey
paragond,GrXy3-ML0Ey
pb_j1,G41Z8-MJKvP
pb_j2,G41Z8-MJKvP
pb_j3,G41Z8-MJKvP
pb_j5,G41Z8-MJKvP
pb_l1,G41Z8-MJKvP
pb_l2,G41Z8-MJKvP
pb_l3,G41Z8-MJKvP
pb_l5,G41Z8-MJKvP
pb_l5h,G41Z8-MJKvP
pb_p4,G41Z8-MJKvP
pharo_l2,G41vn-MD1jB
pharo_l2b,G41vn-MD1jB
phnix_l1,GRQp6-MJ5Wq
pinbalfp,GrZXj-Mq11k
pinball,GrZXj-Mq11k
pinc7ffp,GrPdq-M9RRe
pinc7fp,GrPdq-M9RRe
pinc7gfp,GrPdq-M9RRe
pinc7ifp,GrPdq-M9RRe
pincffp,GrPdq-M9RRe
pincfp,GrPdq-M9RRe
pincgfp,GrPdq-M9RRe
pincha7f,GrPdq-M9RRe
pincha7g,GrPdq-M9RRe
pincha7i,GrPdq-M9RRe
pincham7,GrPdq-M9RRe
pinchamf,GrPdq-M9RRe
pinchamg,GrPdq-M9RRe
pinchami,GrPdq-M9RRe
pinchamp,GrPdq-M9RRe
pincifp,GrPdq-M9RRe
pinpool,G4kdB-MLqe3
pkrno_l1,G5pn8-MJ5P4
play203,GrPKO-MLO5X
play203f,GrPKO-MLO5X
play203g,GrPKO-MLO5X
play203i,GrPKO-MLO5X
play203l,GrPKO-MLO5X
play300,GrPKO-MLO5X
play302,GrPKO-MLO5X
play302f,GrPKO-MLO5X
play302g,GrPKO-MLO5X
play302i,GrPKO-MLO5X
play302l,GrPKO-MLO5X
play303,GrPKO-MLO5X
play303f,GrPKO-MLO5X
play303g,GrPKO-MLO5X
play303i,GrPKO-MLO5X
play303l,GrPKO-MLO5X
play401,GrPKO-MLO5X
play401f,GrPKO-MLO5X
play401g,GrPKO-MLO5X
play401i,GrPKO-MLO5X
play401l,GrPKO-MLO5X
play_a24,GRL60-MLW2q
playboy,GrkOB-MJVvl
playboyb,GrkOB-MJVvl
playboyc,GrkOB-MJVvl
playboyd,GrkOB-MJVvl
playboyf,GrPKO-MLO5X
playboyg,GrPKO-MLO5X
playboyi,GrPKO-MLO5X
playboyl,GrPKO-MLO5X
playboys,GrPKO-MLO5X
pmv112,GrZnn-MJj46
pmv112r,GrZnn-MJj46
pnkpnthr,Gre72-MDE5e
pnkpntr7,Gre72-MDE5e
pnkpntrs,Gre72-MDE5e
polic_g4,G4d8d-MVKOR
polic_l2,G4d8d-MVKOR
polic_l3,G4d8d-MVKOR
polic_l4,G4d8d-MVKOR
polic_lx5,G4d8d-MVKOR
polic_lx5pi,G4d8d-MVKOR
pool_l5,GR68o-M0o2O
pool_l6,GR68o-M0o2O
pool_l7,GR68o-M0o2O
pool_l7c,GR68o-M0o2O
pool_le2,GR68o-M0o2O
pool_p7,GR68o-M0o2O
poolcfp,G4jex-MLly8
poolchai,G4jex-MLly8
poolchaifp,G4jex-MLly8
poolcham,G4jex-MLly8
pop_dx5,GR0lW-MJPVV
pop_la4,GR0lW-MJPVV
pop_lx4,GR0lW-MJPVV
pop_lx5,GR0lW-MJPVV
pop_pa3,GR0lW-MJPVV
pop_pa4,GR0lW-MJPVV
potc_108as,GR7ZX-MQ23b
potc_109ai,GR7ZX-MQ23b
potc_109as,GR7ZX-MQ23b
potc_109gf,GR7ZX-MQ23b
potc_110af,GR7ZX-MQ23b
potc_110ai,GR7ZX-MQ23b
potc_110gf,GR7ZX-MQ23b
potc_111as,GR7ZX-MQ23b
potc_113af,GR7ZX-MQ23b
potc_113ai,GR7ZX-MQ23b
potc_113as,GR7ZX-MQ23b
potc_113gf,GR7ZX-MQ23b
potc_115af,GR7ZX-MQ23b
potc_115ai,GR7ZX-MQ23b
potc_115as,GR7ZX-MQ23b
potc_115gf,GR7ZX-MQ23b
potc_300af,GR7ZX-MQ23b
potc_300ai,GR7ZX-MQ23b
potc_300al,GR7ZX-MQ23b
potc_300gf,GR7ZX-MQ23b
potc_400af,GR7ZX-MQ23b
potc_400ai,GR7ZX-MQ23b
potc_400al,GR7ZX-MQ23b
potc_400gf,GR7ZX-MQ23b
potc_600af,GR7ZX-MQ23b
potc_600ai,GR7ZX-MQ23b
potc_600as,GR7ZX-MQ23b
potc_600gf,GR7ZX-MQ23b
poto_a29,Grq1D-MQokp
poto_a31,Grq1D-MQokp
poto_a32,Grq1D-MQokp
princefp,G4d9B-MJk65
princesb,G4d9B-MJk65
princess,G4d9B-MJk65
prtyanig,G42Zz-MeP7R
prtyanim,G42Zz-MeP7R
pstlpkr,GRLL9-MDOkz
pstlpkr1,GRLL9-MDOkz
punchy,G4x2P-MnK03
punchy3,G4x2P-MnK03
punk,GrEwE-MkP0d
pwerplab,G4en0-MJ5vB
pwerplac,G4en0-MJ5vB
pwerplay,G4en0-MJ5vB
pz_d1,G5oBw-ML3Kw
pz_d2,G5oBw-ML3Kw
pz_d3,G5oBw-ML3Kw
pz_f4,G5oBw-ML3Kw
pz_f4pfx,G5oBw-ML3Kw
pz_f5,G5oBw-ML3Kw
pz_l1,G5oBw-ML3Kw
pz_l2,G5oBw-ML3Kw
pz_l3,G5oBw-ML3Kw
qbquest,Gr1qn-MYerP
quicksfp,GRBZl-Mb5Zq
quicksib,GRBZl-Mb5Zq
quicksic,GRBZl-Mb5Zq
quicksil,GRBZl-Mb5Zq
rab_103,G5vnL-MJP3y
rab_103it,G5vnL-MJP3y
rab_110be,G5vnL-MJP3y
rab_130,G5vnL-MJP3y
rab_320,G5vnL-MJP3y
rackemup,G4ywq-MLqxN
radcl_g1,G59ZY-MD8p7
radcl_l1,G59ZY-MD8p7
radcl_l1c,G59ZY-MD8p7
radcl_p3,G59ZY-MD8p7
raimfire,GRL2z-MQkqe
rambo,GrJWP-MJ7N1
raven,GrJWP-MJ7N1
ravena,GrJWP-MJ7N1
ravenafp,GrJWP-MJ7N1
ravenfp,GrJWP-MJ7N1
raveng,GrJWP-MJ7N1
ravengfp,GrJWP-MJ7N1
rct400,Grybw-M5R0n
rct400f,Grybw-M5R0n
rct400g,Grybw-M5R0n
rct400i,Grybw-M5R0n
rct400l,Grybw-M5R0n
rct600,Grybw-M5R0n
rct600f,Grybw-M5R0n
rct600i,Grybw-M5R0n
rct600l,Grybw-M5R0n
rct701,Grybw-M5R0n
rct701f,Grybw-M5R0n
rct701g,Grybw-M5R0n
rct701i,Grybw-M5R0n
rct701l,Grybw-M5R0n
rctycn,Grybw-M5R0n
rctycnf,Grybw-M5R0n
rctycng,Grybw-M5R0n
rctycni,Grybw-M5R0n
rctycnl,Grybw-M5R0n
rdkng_l1,G4NKJ-Mo1Xj
rdkng_l2,G4NKJ-Mo1Xj
rdkng_l3,G4NKJ-Mo1Xj
rdkng_l4,G4NKJ-Mo1Xj
real,GRBV9-MLy6e
rescu911,G5pNW-MVK46
rflshdlx,GRwlz-MQYZN
rflshdlx1,GRwlz-MQYZN
rio,GRw9Z-MLbl4
rip300,GRWyB-MLz6Z
rip300f,GRWyB-MLz6Z
rip300g,GRWyB-MLz6Z
rip300i,GRWyB-MLz6Z
rip300l,GRWyB-MLz6Z
rip301,GRWyB-MLz6Z
rip301f,GRWyB-MLz6Z
rip301g,GRWyB-MLz6Z
rip301i,GRWyB-MLz6Z
rip301l,GRWyB-MLz6Z
rip302,GRWyB-MLz6Z
rip302f,GRWyB-MLz6Z
rip302g,GRWyB-MLz6Z
rip302i,GRWyB-MLz6Z
rip302l,GRWyB-MLz6Z
rip310,GRWyB-MLz6Z
rip310f,GRWyB-MLz6Z
rip310g,GRWyB-MLz6Z
rip310i,GRWyB-MLz6Z
rip310l,GRWyB-MLz6Z
ripleys,GRWyB-MLz6Z
ripleysf,GRWyB-MLz6Z
ripleysg,GRWyB-MLz6Z
ripleysi,GRWyB-MLz6Z
ripleysl,GRWyB-MLz6Z
roadrunr,G421X-ME0nK
robo_a29,Grlxe-MJ916
robo_a30,Grlxe-MJ916
robo_a34,Grlxe-MJ916
robot,G5Wjk-MLvBr
robotf,G5Wjk-MLvBr
robotffp,G5Wjk-MLvBr
robotfp,G5Wjk-MLvBr
robotg,G5Wjk-MLvBr
robotgfp,G5Wjk-MLvBr
roboti,G5Wjk-MLvBr
robotifp,G5Wjk-MLvBr
robowarf,GryK3-MQrWk
robowars,GryK3-MQrWk
robowffp,GryK3-MQrWk
robowrfp,GryK3-MQrWk
rock,Grk62-MD1qe
rock_efp,Grk62-MLeWx
rock_eg,Grk62-MLeWx
rock_enc,Grk62-MLeWx
rockegfp,Grk62-MLeWx
rockfp,Grk62-MD1qe
rockg,Grk62-MD1qe
rockgfp,Grk62-MD1qe
rocky,GrJvk-MDekx
rockyf,GrJvk-MDekx
roldisco,G48qn-MDEl1
rollr_d2,Gr1Ko-MnKyx
rollr_e1,Gr1Ko-MnKyx
rollr_ex,Gr1Ko-MnKyx
rollr_f2,Gr1Ko-MnKyx
rollr_f3,Gr1Ko-MnKyx
rollr_g3,Gr1Ko-MnKyx
rollr_l1,Gr1Ko-MnKyx
rollr_l2,Gr1Ko-MnKyx
rollr_l2c,Gr1Ko-MnKyx
rollr_l3,Gr1Ko-MnKyx
rollr_p2,Gr1Ko-MnKyx
rollr_ta2,Gr1Ko-MnKyx
rollst21,G5Qz4-MQddv
rollstob,G5Qz4-MQddv
rollston,G5Qz4-MQddv
rota_101,G4lnB-MeP1y
rota_115,G4lnB-MeP1y
rotation,G4lnB-MeP1y
royclark,G4XD3-M5Rlk
rs_70,G4dWd-MJ2p6
rs_da4,G4dWd-MJ2p6
rs_da5,G4dWd-MJ2p6
rs_dx2,G4dWd-MJ2p6
rs_dx3,G4dWd-MJ2p6
rs_dx4,G4dWd-MJ2p6
rs_dx5,G4dWd-MJ2p6
rs_l6,G4dWd-MJ2p6
rs_l6c,G4dWd-MJ2p6
rs_la4,G4dWd-MJ2p6
rs_la5,G4dWd-MJ2p6
rs_lx2,G4dWd-MJ2p6
rs_lx3,G4dWd-MJ2p6
rs_lx4,G4dWd-MJ2p6
rs_lx5,G4dWd-MJ2p6
rs_pa2,G4dWd-MJ2p6
rsn_100h,GredR-Mb5jN
rsn_103,GredR-MDE2K
rsn_105,GredR-MDE2K
rsn_110,GredR-MDE2K
rsn_110h,GredR-Mb5jN
rvrbt_l3,G4E0z-MDvl7
rvrbt_p7,G4E0z-MDvl7
sahalove,G4xqN-MDvw2
sc_091,GRBxq-MJpOP
sc_10,GRBxq-MJpOP
sc_14,GRBxq-MJpOP
sc_17,GRBxq-MJpOP
sc_17n,GRBxq-MJpOP
sc_18n11,GRBxq-MJpOP
sc_18ns2,GRBxq-MJpOP
sc_18pfx,GRBxq-MJpOP
sc_18s11,GRBxq-MJpOP
sc_18s2,GRBxq-MJpOP
scram_tp,G5p8V-MD0op
scrpn_l1,G4qQj-MD8XD
scrpn_l1ff,G4qQj-MD8XD
scrpn_t1,G4qQj-MD8XD
scrpn_t1ff,G4qQj-MD8XD
seawitch,GR6kB-MDz81
seawitcha,GR6kB-MDz81
seawitchb,GR6kB-MDz81
seawitchc,GR6kB-MDz81
seawitchd,GR6kB-MDz81
seawitche,GR6kB-MDz81
seawitchf,GR6kB-MDz81
seawitfp,GR6kB-MDz81
sexygirl,GrkOB-MD00x
sfight2,G5BYQ-MQdBV
sfight2a,G5BYQ-MQdBV
sfight2b,G5BYQ-MQdBV
shaqatt2,G4PoV-MQr5e
shaqattq,G4PoV-MQr5e
shr_130,G5LW9-ML371
shr_141,G5LW9-ML371
shrky207,GRwv0-MJ99E
shrky_fr,GRwv0-MJ99E
shrky_gr,GRwv0-MJ99E
shrky_it,GRwv0-MJ99E
shrkysht,GRwv0-MJ99E
silvslug,Gr8jd-MLyxK
simp204,GRvBL-MP3Ev
simp204f,GRvBL-MP3Ev
simp204i,GRvBL-MP3Ev
simp204l,GRvBL-MP3Ev
simp300,GRvBL-MP3Ev
simp300f,GRvBL-MP3Ev
simp300i,GRvBL-MP3Ev
simp300l,GRvBL-MP3Ev
simp400,GRvBL-MP3Ev
simp400f,GRvBL-MP3Ev
simp400g,GRvBL-MP3Ev
simp400i,GRvBL-MP3Ev
simp400l,GRvBL-MP3Ev
simp_a20,G5VBJ-MLy4l
simp_a27,G5VBJ-MLy4l
simpprtf,GRvBL-MP3Ev
simpprtg,GRvBL-MP3Ev
simpprti,GRvBL-MP3Ev
simpprtl,GRvBL-MP3Ev
simpprty,GRvBL-MP3Ev
sinbad,G4xqN-MD1Rj
sinbadn,G4xqN-MD1Rj
skatebla,GrNpx-M2YZq
skateblb,GrNpx-M2YZq
skatebll,GrNpx-M2YZq
skijump,GRzxO-MQP8j
slbmania,GRD2P-MDX5b
slbmanib,GRD2P-MDX5b
slbmanic,GRD2P-MDX5b
slbmanid,GRD2P-MDX5b
sleicpin,GD7Yl-Mp4zN
sman_102af,G5D94-MLnXq
sman_130af,G5D94-MLnXq
sman_130ai,G5D94-MLnXq
sman_130al,G5D94-MLnXq
sman_130gf,G5D94-MLnXq
sman_132,G5D94-MLnXq
sman_140,G5D94-MLnXq
sman_140af,G5D94-MLnXq
sman_140ai,G5D94-MLnXq
sman_140al,G5D94-MLnXq
sman_140gf,G5D94-MLnXq
sman_142,G5D94-MLnXq
sman_160,G5D94-MLnXq
sman_160af,G5D94-MLnXq
sman_160ai,G5D94-MLnXq
sman_160al,G5D94-MLnXq
sman_160gf,G5D94-MLnXq
sman_170,G5D94-MLnXq
sman_170af,G5D94-MLnXq
sman_170ai,G5D94-MLnXq
sman_170al,G5D94-MLnXq
sman_170gf,G5D94-MLnXq
sman_190,G5D94-MLnXq
sman_190af,G5D94-MLnXq
sman_190ai,G5D94-MLnXq
sman_190al,G5D94-MLnXq
sman_190gf,G5D94-MLnXq
sman_192,G5D94-MLnXq
sman_192af,G5D94-MLnXq
sman_192ai,G5D94-MLnXq
sman_192al,G5D94-MLnXq
sman_192gf,G5D94-MLnXq
sman_200,G5D94-MLnXq
sman_210,G5D94-MLnXq
sman_210af,G5D94-MLnXq
sman_210ai,G5D94-MLnXq
sman_210al,G5D94-MLnXq
sman_210gf,G5D94-MLnXq
sman_220,G5D94-MLnXq
sman_230,G5D94-MLnXq
sman_240,G5D94-MLnXq
sman_250,G5D94-MLnXq
sman_260,G5D94-MLnXq
sman_261,G5D94-MLnXq
sman_262,G5D94-MLnXq
smanve_100,G5D94-M3d5w
smanve_100c,G5D94-M3d5w
smanve_101,G5D94-M3d5w
smanve_101c,G5D94-M3d5w
smb,GRBzQ-MLO1j
smb1,GRBzQ-MLO1j
smb2,GRBzQ-MLO1j
smb3,GRBzQ-MLO1j
smbmush,G7Zp0-MVKEX
smbv,GRBzQ-MLO1j
smbv1,GRBzQ-MLO1j
smbv2,GRBzQ-MLO1j
smman,GrEke-ML8qN
smmanb,GrEke-ML8qN
smmanc,GrEke-ML8qN
smmand,GrEke-ML8qN
sockfp,GR0VJ-MDnEy
sockgfp,GR0VJ-MDnEy
sockifp,GR0VJ-MDnEy
socrkin2,GR0VJ-MDnEy
socrkina,GR0VJ-MDnEy
socrking,GR0VJ-MDnEy
socrkngg,GR0VJ-MDnEy
socrkngi,GR0VJ-MDnEy
solar_l2,GRB26-MQPwX
solaride,GRDqo-MDbPx
sopr107f,G5WoB-MDyNZ
sopr107g,G5WoB-MDyNZ
sopr107i,G5WoB-MDyNZ
sopr107l,G5WoB-MDyNZ
sopr204,G5WoB-MDyNZ
sopr300,G5WoB-MDyNZ
sopr300f,G5WoB-MDyNZ
sopr300g,G5WoB-MDyNZ
sopr300i,G5WoB-MDyNZ
sopr300l,G5WoB-MDyNZ
sopr400,G5WoB-MDyNZ
sopr400f,G5WoB-MDyNZ
sopr400g,G5WoB-MDyNZ
sopr400i,G5WoB-MDyNZ
sopr400l,G5WoB-MDyNZ
soprano3,G5WoB-MDyNZ
sopranof,G5WoB-MDyNZ
sopranog,G5WoB-MDyNZ
sopranoi,G5WoB-MDyNZ
sopranol,G5WoB-MDyNZ
sopranos,G5WoB-MDyNZ
sorbit,G4EPE-ML14r
sorcr_l1,G4qxv-MJPyv
sorcr_l2,G4qxv-MJPyv
spacecty,G5Kl7-M1rzV
spaceinb,G42PX-MyNXo
spaceinv,G42PX-MyNXo
spacejam,G482d-Mp4kk
spacejm2,G482d-Mp4kk
spacejmf,G482d-Mp4kk
spacejmg,G482d-Mp4kk
spacejmi,G482d-Mp4kk
spcridef,GrdzE-MQ2E6
spcrider,GrdzE-MQ2E6
spcship,G5YVk-MDBvP
spcteam,G4kyZ-MLR5r
speake4a,GRbl7-ML8EY
speakes4,GRbl7-ML8EY
speakesa,GRbl7-ML8EY
speakesy,GRbl7-ML8EY
specforc,GRDkX-M61RE
spectr4a,GRw7z-MJN9l
spectra,GRnqe-MDn45
spectru4,GRw7z-MJN9l
spectrua,GRw7z-MJN9l
spectrum,GRw7z-MJN9l
spiderm7,GrXlr-MOEE2
spidermn,GrXlr-MOEE2
spirit,Grl9W-MLvOj
spirit0,Grl9W-MLvOj
spirit3,Grl9W-MLvOj
spirit76,GrlPK-Mx0By
splitsec,GRLbz-MDnxo
splitsfp,GRLbz-MDnxo
spookifp,Gr1j8-MDxzp
spooky,Gr1j8-MDxzp
spookyfp,Gr1j8-MDxzp
spookyi,Gr1j8-MDxzp
sprbrafp,GRLKd-Mp46p
sprbreak,GRLKd-Mp46p
sprbrffp,GRLKd-Mp46p
sprbrgfp,GRLKd-Mp46p
sprbrka,GRLKd-Mp46p
sprbrkf,GRLKd-Mp46p
sprbrkfp,GRLKd-Mp46p
sprbrkg,GRLKd-Mp46p
sprbrks,GRLKd-Mp46p
sprbrsfp,GRLKd-Mp46p
sprk_090,G4qbD-MQpxv
sprk_096,G4qbD-MQpxv
sprk_103,G4qbD-MQpxv
spstn_l5,G5QXO-MQowd
spyhunta,GRwl7-MJ45o
spyhuntr,GRwl7-MJ45o
ss_01,G4xbP-Mp45Y
ss_01b,G4xbP-Mp45Y
ss_03,G4xbP-Mp45Y
ss_11,G4xbP-Mp45Y
ss_11s10,G4xbP-Mp45Y
ss_12,G4xbP-Mp45Y
ss_14,G4xbP-Mp45Y
ss_15,G4xbP-Mp45Y
sshooter,Gr37O-MePr0
sshootr2,Gr8KB-MLqYW
sshtl_l3,G4q3L-MKN50
sshtl_l7,G4q3L-MKN50
sshtlzac,G4jyz-MDyYE
sshtlzacf,G4jyz-MDyYE
sst,GRLXd-ME07p
sstb,GRLXd-ME07p
sstc,GRLXd-ME07p
sstd,GRLXd-ME07p
ssvc_a26,G4qqv-MDW0P
ssvc_a42,G4qqv-MDW0P
ssvc_b26,G4qqv-MDW0P
ssvc_e40,G4qqv-MDW0P
st_120,Gryw4-MwNky
st_130,Gryw4-MwNky
st_140,Gryw4-MwNky
st_140h,Gryw4-MNEKn
st_141h,Gryw4-MNEKn
st_142h,Gryw4-MNEKn
st_150,Gryw4-MwNky
st_150h,Gryw4-MNEKn
st_160,Gryw4-MwNky
st_160h,Gryw4-MNEKn
st_161,Gryw4-MwNky
st_161c,Gryw4-MwNky
st_161h,Gryw4-MNEKn
st_161hc,Gryw4-MNEKn
st_162,Gryw4-MwNky
st_162c,Gryw4-MwNky
st_162h,Gryw4-MNEKn
st_162hc,Gryw4-MNEKn
stargat1,G50pv-MdE6R
stargat2,G50pv-MdE6R
stargat3,G50pv-MdE6R
stargat4,G50pv-MdE6R
stargat5,G50pv-MdE6R
stargate,G50pv-MdE6R
stargod,G5vXk-M2Y8r
stargoda,G5vXk-M2Y8r
stargodaf,G5vXk-M2Y8r
stargodf,G5vXk-M2Y8r
stargzfp,GrZY2-ML0Rb
stargzr,GrZY2-ML0Rb
stargzrb,GrZY2-ML0Rb
starrac7,G5VxP-MLWlV
starrace,G5VxP-MLWlV
stars,GrXEW-MDEwr
starsb,GrXEW-MDEwr
starsb7,GrXEW-MDEwr
starsfp,GrXEW-MDEwr
starshot,G4d9E-MLRqz
startreb,GRVnd-MQZzx
startrec,GRVnd-MQZzx
startred,GRVnd-MQZzx
startrek,GRVnd-MQZzx
startrip,GRoW6-ME0Ro
startrp,G5we0-MDx6b
startrp2,G5we0-MDx6b
stingrab,G57lj-MJwxY
stingray,G57lj-MJwxY
stingrfp,G57lj-MJwxY
stk_sprb,GrleW-MYeod
stk_sprc,GrleW-MYeod
stk_sprs,GrleW-MYeod
stlwr_l2,G4lLp-MQ5Xy
strapids,G41oq-MQVR1
strapidsf,G41oq-MQVR1
strike,GRpyl-MQV9B
striker,G5YEE-MDEVO
strikerf,G5YEE-MDEVO
strikerg,G5YEE-MDEVO
strikext,GRVjq-MDbxp
strlt_l1,GRB86-MJ2nw
strngscc,G5nzJ-MJVX8
strngscg,G5nzJ-MJVX8
strngsci,G5nzJ-MJVX8
strspffp,G5VYY-MJ9V1
strsphfp,G5VYY-MJ9V1
strsphnf,G5VYY-MJ9V1
strsphnx,G5VYY-MJ9V1
strxt_fr,GRVjq-MDbxp
strxt_gr,GRVjq-MDbxp
strxt_it,GRVjq-MDbxp
strxt_it_100,GRVjq-MDbxp
strxt_it_101,GRVjq-MDbxp
strxt_sp,GRVjq-MDbxp
strxt_uk,GRVjq-MDbxp
sttng_d1,GR6d8-M1rZd
sttng_d2,GR6d8-M1rZd
sttng_d7,GR6d8-M1rZd
sttng_dx,GR6d8-M1rZd
sttng_g7,GR6d8-M1rZd
sttng_h7,GR6d8-M1rZd
sttng_l1,GR6d8-M1rZd
sttng_l2,GR6d8-M1rZd
sttng_l3,GR6d8-M1rZd
sttng_l5,GR6d8-M1rZd
sttng_l7,GR6d8-M1rZd
sttng_l7c,GR6d8-M1rZd
sttng_p4,GR6d8-M1rZd
sttng_p5,GR6d8-M1rZd
sttng_p6,GR6d8-M1rZd
sttng_p8,GR6d8-M1rZd
sttng_x7,GR6d8-M1rZd
sttng_x8,GR6d8-M1rZd
sttng_x9,GR6d8-M1rZd
stwr_101,G420r-MLedz
stwr_102,G420r-MLedz
stwr_103,G420r-MLedz
stwr_104,G420r-MLedz
stwr_106,G420r-MLedz
stwr_107,G420r-MLedz
stwr_107s,G420r-MLedz
stwr_a046,G420r-MLedz
stwr_a14,G420r-MLedz
stwr_e12,G420r-MLedz
stwr_g11,G420r-MLedz
superman,GR73N-MwN9x
suprbowl,GRpWD-MQork
suprnova,G56KW-MKNNj
suprpick,G4J11-MDXwO
surfnsaf,G5W0z-MLW6N
surfnsat,G5W0z-MLW6N
swrds_l1,GrPzV-MDxj7
swrds_l2,GrPzV-MDxj7
swrds_lg2,GrPzV-MDxj7
swtril30,GrybN-MLl5X
swtril41,GrybN-MLl5X
swtril43,GrybN-MLl5X
t2_d2,GR9Bx-MQkd5
t2_d3,GR9Bx-MQkd5
t2_d4,GR9Bx-MQkd5
t2_d6,GR9Bx-MQkd5
t2_d8,GR9Bx-MQkd5
t2_f19,GR9Bx-MQkd5
t2_f20,GR9Bx-MQkd5
t2_f32,GR9Bx-MQkd5
t2_l2,GR9Bx-MQkd5
t2_l3,GR9Bx-MQkd5
t2_l4,GR9Bx-MQkd5
t2_l6,GR9Bx-MQkd5
t2_l8,GR9Bx-MQkd5
t2_l81,GR9Bx-MQkd5
t2_l82,GR9Bx-MQkd5
t2_l83,GR9Bx-MQkd5
t2_l84,GR9Bx-MQkd5
t2_p2f,GR9Bx-MQkd5
t2_p2g,GR9Bx-MQkd5
taf_d1,G4ODR-MDXEy
taf_d2,G4ODR-MDXEy
taf_d3,G4ODR-MDXEy
taf_d4,G4ODR-MDXEy
taf_d5,G4ODR-MDXEy
taf_d6,G4ODR-MDXEy
taf_d7,G4ODR-MDXEy
taf_h4,G4ODR-MDXEy
taf_i4,G4ODR-MDXEy
taf_l1,G4ODR-MDXEy
taf_l2,G4ODR-MDXEy
taf_l3,G4ODR-MDXEy
taf_l4,G4ODR-MDXEy
taf_l5,G4ODR-MDXEy
taf_l5c,G4ODR-MDXEy
taf_l6,G4ODR-MDXEy
taf_l7,G4ODR-MDXEy
taf_p2,G4ODR-MDXEy
taf_p3,G4ODR-MDXEy
tafg_da2,G4ODR-MLzY7
tafg_da3,G4ODR-MLzY7
tafg_dx3,G4ODR-MLzY7
tafg_h3,G4ODR-MLzY7
tafg_i3,G4ODR-MLzY7
tafg_la2,G4ODR-MLzY7
tafg_la3,G4ODR-MLzY7
tafg_lx3,G4ODR-MLzY7
tagteam,G5Yyo-ML3Wo
tagteam2,G5Yyo-ML3Wo
tagteamg,G5Yyo-ML3Wo
tagtem2f,G5Yyo-ML3Wo
tagtemfp,G5Yyo-ML3Wo
tagtmgfp,G5Yyo-ML3Wo
takefive,G4XD3-MQk3l
taxi_l3,GrN90-MJrnj
taxi_l4,GrN90-MJrnj
taxi_l5c,GrN90-MJrnj
taxi_l5cm,GrN90-MJrnj
taxi_lg1,GrN90-MJrnj
taxi_lu1,GrN90-MJrnj
taxi_p5,GrN90-MJrnj
teedoff,G4yzj-ML0P4
teedoff1,G4yzj-ML0P4
teedoff3,G4yzj-ML0P4
term3,GR91N-MLOyE
term3_2,GR91N-MLOyE
term3_3,GR91N-MLOyE
term3f,GR91N-MLOyE
term3f_2,GR91N-MLOyE
term3f_3,GR91N-MLOyE
term3g,GR91N-MLOyE
term3g_3,GR91N-MLOyE
term3i,GR91N-MLOyE
term3i_2,GR91N-MLOyE
term3i_3,GR91N-MLOyE
term3l,GR91N-MLOyE
term3l_2,GR91N-MLOyE
term3l_3,GR91N-MLOyE
tf_088h,GRnPz-Mx0XO
tf_100h,GRnPz-Mx0XO
tf_120,GRnPz-MLBzV
tf_120h,GRnPz-Mx0XO
tf_130h,GRnPz-Mx0XO
tf_140,GRnPz-MLBzV
tf_140h,GRnPz-Mx0XO
tf_150,GRnPz-MLBzV
tf_150h,GRnPz-Mx0XO
tf_160,GRnPz-MLBzV
tf_170,GRnPz-MLBzV
tf_180,GRnPz-MLBzV
tf_180h,GRnPz-Mx0XO
tfight,G4Xw9-MQ7K4
tftc_104,GR6wO-MDvzk
tftc_200,GR6wO-MDvzk
tftc_300,GR6wO-MDvzk
tftc_302,GR6wO-MDvzk
tftc_303,GR6wO-MDvzk
tftc_400,GR6wO-MDvzk
thegames,GR9NZ-Ml99O
thegamsb,GR9NZ-Ml99O
thegamsc,GR9NZ-Ml99O
thndbolt,GRVzX-MJdy0
thndrman,GRoyw-M4ojr
thund_p1,G4J3k-MLnnX
thund_p2,G4J3k-MLnnX
thund_p3,G4J3k-MLnnX
tim2000f,G48Dx-MLleq
time2000,G48Dx-MLleq
timelin7,Gr13q-MXrjY
timeline,Gr13q-MXrjY
tmac_a18,GR99Y-MJ9Zy
tmac_a24,GR99Y-MJ9Zy
tmac_g18,GR99Y-MJ9Zy
tmacffp,GR99Y-MJ9Zy
tmacfzac,GR99Y-MJ9Zy
tmacgfp,GR99Y-MJ9Zy
tmacgzac,GR99Y-MJ9Zy
tmachfp,GR99Y-MJ9Zy
tmachzac,GR99Y-MJ9Zy
tmachzaca,GRnoY-MQVwx
tmacifp,GR99Y-MJ9Zy
tmacizac,GR99Y-MJ9Zy
tmfnt_l5,G42Nz-MNEpl
tmnt_101,Gr8xn-MKN66
tmnt_103,Gr8xn-MKN66
tmnt_104,Gr8xn-MKN66
tmnt_104g,Gr8xn-MKN66
tmnt_200,Gr8xn-MKN66
tmnt_a07,Gr8xn-MKN66
tmwrp_l2,G5wJo-MQdvv
tmwrp_l2ff,G5wJo-MQdvv
tmwrp_l3,G5wJo-MQdvv
tmwrp_l3ff,G5wJo-MQdvv
tmwrp_t2,G5wJo-MQdvv
tmwrp_t2ff,G5wJo-MQdvv
tom_06,G5BLE-MQ75Y
tom_061,G5BLE-MQ75Y
tom_101f,G5BLE-MQ75Y
tom_10f,G5BLE-MQ75Y
tom_12,G5BLE-MQ75Y
tom_121,G5BLE-MQ75Y
tom_12a,G5BLE-MQ75Y
tom_13,G5BLE-MQ75Y
tom_13c,G5BLE-MQ75Y
tom_13f,G5BLE-MQ75Y
tom_14h,G5BLE-MQ75Y
tom_14hb,G5BLE-MQ75Y
tom_20,G5BLE-MQ75Y
tomjerry,G5B9Z-MLBjW
tomy_102,GR6do-MLBq4
tomy_102be,GR6do-MLBq4
tomy_201d,GR6do-MLBq4
tomy_301g,GR6do-MLBq4
tomy_400,GR6do-MLBq4
tomy_500,GR6do-MLBq4
tomy_h30,GR6do-MLBq4
torch,G4JbV-M5Rqn
torp_a16,G48on-ML8B9
torp_e21,G48on-ML8B9
totan_04,G4llj-MQYb2
totan_12,G4llj-MQYb2
totan_13,G4llj-MQYb2
totan_14,G4llj-MQYb2
totan_15c,G4llj-MQYb2
totem,G5YDN-MJKYo
touchdn,G4ldW-MQPNv
trek_110,G42qQ-MLn3y
trek_117,G42qQ-MLn3y
trek_11a,G42qQ-MLn3y
trek_120,G42qQ-MLn3y
trek_200,G42qQ-MLn3y
trek_201,G42qQ-MLn3y
trek_300,G42qQ-MLn3y
tridenfp,GR0KD-MJpnr
trident,GR0KD-MJpnr
tridenta,GR0KD-MJpnr
tridentb,GR0KD-MJpnr
tridentc,GR0KD-MJpnr
triplay,G5nZJ-MLxrp
triplaya,G5nZJ-MLxrp
triplayg,G5nZJ-MLxrp
triplgfp,G5nZJ-MLxrp
triplyf1,G5nZJ-MLxrp
triplyfp,G5nZJ-MLxrp
trizn_l1,GrxNK-MLEzY
trizn_l1ff,GrxNK-MLEzY
trizn_t1,GrxNK-MLEzY
trizn_t1ff,GrxNK-MLEzY
trn_100h,GrkL5-MJoNN
trn_110,GrkL5-MLvrX
trn_110h,GrkL5-MJoNN
trn_120,GrkL5-MLvrX
trn_130h,GrkL5-MJoNN
trn_140,GrkL5-MLvrX
trn_140h,GrkL5-MJoNN
trn_150,GrkL5-MLvrX
trn_160,GrkL5-MLvrX
trn_170,GrkL5-MLvrX
trn_174,GrkL5-MLvrX
trn_17402,GrkL5-MLvrX
trn_174h,GrkL5-MJoNN
trucksp2,G5Y6O-MLn90
trucksp3,G5Y6O-MLn90
ts_da2,G4jPX-M85YZ
ts_da4,G4jPX-M85YZ
ts_da6,G4jPX-M85YZ
ts_df6,G4jPX-M85YZ
ts_dh6,G4jPX-M85YZ
ts_dm6,G4jPX-M85YZ
ts_dx4,G4jPX-M85YZ
ts_dx5,G4jPX-M85YZ
ts_la2,G4jPX-M85YZ
ts_la4,G4jPX-M85YZ
ts_la6,G4jPX-M85YZ
ts_lf4,G4jPX-M85YZ
ts_lf6,G4jPX-M85YZ
ts_lh6,G4jPX-M85YZ
ts_lh6p,G4jPX-M85YZ
ts_lm6,G4jPX-M85YZ
ts_lx4,G4jPX-M85YZ
ts_lx5,G4jPX-M85YZ
ts_pa1,G4jPX-M85YZ
ts_pa2,G4jPX-M85YZ
tsptr_l1,G5n2D-MLn85
tsptr_l3,G5n2D-MLn85
tsptr_l3fj,G5n2D-MLn85
tsptr_lu3,G5n2D-MLn85
tsptr_lx4,G5n2D-MLn85
tsptr_lx4b,G5n2D-MLn85
twd_105,G5nz5-M3d38
twd_111,G5nz5-M3d38
twd_111h,G5nz5-MP3r1
twd_119,G5nz5-M3d38
twd_119h,G5nz5-MP3r1
twd_124,G5nz5-M3d38
twd_124h,G5nz5-MP3r1
twd_125,G5nz5-M3d38
twd_125h,G5nz5-MP3r1
twd_128,G5nz5-M3d38
twd_128h,G5nz5-MP3r1
twd_141,G5nz5-M3d38
twd_141h,G5nz5-MP3r1
twd_153,G5nz5-M3d38
twd_153h,G5nz5-MP3r1
twd_156,G5nz5-M3d38
twd_156c,G5nz5-M3d38
twd_156h,G5nz5-MP3r1
twd_156hc,G5nz5-MP3r1
twd_160,G5nz5-M3d38
twd_160c,G5nz5-M3d38
twd_160h,G5nz5-MP3r1
twd_160hc,G5nz5-MP3r1
twenty4_130,GrEkZ-ML13O
twenty4_140,GrEkZ-ML13O
twenty4_144,GrEkZ-ML13O
twenty4_150,GrEkZ-ML13O
twst_300,GRwbv-MkPP0
twst_404,GRwbv-MkPP0
twst_405,GRwbv-MkPP0
txsecffp,GRLzj-MJPYK
txsecgfp,GRLzj-MJPYK
txsectfp,GRLzj-MJPYK
txsector,GRLzj-MJPYK
txsectrf,GRLzj-MJPYK
txsectrg,GRLzj-MJPYK
tz_92,GrXzD-MjBPX
tz_93,GrXzD-MjBPX
tz_94ch,GrXzD-MjBPX
tz_94h,GrXzD-MjBPX
tz_d1,GrXzD-MjBPX
tz_d2,GrXzD-MjBPX
tz_d3,GrXzD-MjBPX
tz_d4,GrXzD-MjBPX
tz_f10,GrXzD-MjBPX
tz_f100,GrXzD-MjBPX
tz_f19,GrXzD-MjBPX
tz_f50,GrXzD-MjBPX
tz_f86,GrXzD-MjBPX
tz_f97,GrXzD-MjBPX
tz_h7,GrXzD-MjBPX
tz_h8,GrXzD-MjBPX
tz_i7,GrXzD-MjBPX
tz_i8,GrXzD-MjBPX
tz_ifpa,GrXzD-MjBPX
tz_ifpa2,GrXzD-MjBPX
tz_l1,GrXzD-MjBPX
tz_l2,GrXzD-MjBPX
tz_l3,GrXzD-MjBPX
tz_l4,GrXzD-MjBPX
tz_l5,GrXzD-MjBPX
tz_la9,GrXzD-MjBPX
tz_p3,GrXzD-MjBPX
tz_p3d,GrXzD-MjBPX
tz_p4,GrXzD-MjBPX
tz_p5,GrXzD-MjBPX
tz_pa1,GrXzD-MjBPX
tz_pa2,GrXzD-MjBPX
usafoota,G5wxv-MP3k9
usafootb,G5wxv-MP3k9
usafootr,G5wxv-MP3k9
vector,G486B-MrRwE
vector4,G486B-MrRwE
vectora,G486B-MrRwE
vectorb,G486B-MrRwE
vectorc,G486B-MrRwE
vegas,GrqVL-MDyKe
vegasgp,GrqVL-MDyKe
victory,GrdBk-Mq18w
victoryf,GrdBk-Mq18w
victoryg,GrdBk-Mq18w
victr101,GrdBk-Mq18w
victr11,GrdBk-Mq18w
victr12,GrdBk-Mq18w
victr13,GrdBk-Mq18w
victrffp,GrdBk-Mq18w
victrgfp,GrdBk-Mq18w
victryfp,GrdBk-Mq18w
viking,G57kN-MQ71K
vikingb,G57kN-MQ71K
viper,G5vXB-MLEve
viperfp,G5vXB-MLEve
vipr_102,G4Obw-ML83d
viprsega,G4Obw-ML83d
vlcno_1a,GrEzp-MDbW3
vlcno_1b,GrEzp-MDbW3
vlcno_1c,GrEzp-MDbW3
vlcno_a7,GrEzp-MDbW3
vlcno_ax,GrEzp-MDbW3
vlcno_b7,GrEzp-MDbW3
voltan,GrkW3-MD8RW
voltanb,GrkW3-MD8RW
voltanc,GrkW3-MD8RW
voltand,GrkW3-MD8RW
vrkon_l1,G5Lvz-MQkvB
vrnwrld,G5vYZ-MDlOb
waterwl2,G4JK7-MDBe6
waterwl5,G4JK7-MDBe6
waterwld,G4JK7-MDBe6
wcs_d2,G42E2-MQP9e
wcs_f10,G42E2-MQP9e
wcs_f50,G42E2-MQP9e
wcs_f62,G42E2-MQP9e
wcs_f62b,G42E2-MQP9e
wcs_l1,G42E2-MQP9e
wcs_l2,G42E2-MQP9e
wcs_l3c,G42E2-MQP9e
wcs_la1,G42E2-MQP9e
wcs_la2,G42E2-MQP9e
wcs_p2,G42E2-MQP9e
wcs_p3,G42E2-MQP9e
wcs_p5,G42E2-MQP9e
wcs_p6,G42E2-MQP9e
wcsoccd2,GreOx-MQNv1
wcsoccer,GreOx-MQNv1
wcup90,G56Y8-MDlqK
wd_03r,G50kj-MDqpv
wd_048r,G50kj-MDqpv
wd_10f,G50kj-MDqpv
wd_10g,G50kj-MDqpv
wd_10r,G50kj-MDqpv
wd_11,G50kj-MDqpv
wd_12,G50kj-MDqpv
wd_12g,G50kj-MDqpv
wd_12gp,G50kj-MDqpv
wd_12p,G50kj-MDqpv
whirl_g1,GrE7e-MQ9N1
whirl_g2,GrE7e-MQ9N1
whirl_g3,GrE7e-MQ9N1
whirl_l2,GrE7e-MQ9N1
whirl_l3,GrE7e-MQ9N1
whtforce,GRnW8-MQ66o
wildfyfp,GrOwV-Ml9kO
wildfyrc,GrOwV-Ml9kO
wildfyre,GrOwV-Ml9kO
wipeout,G5w3q-MQYr0
wipeouta,G5w3q-MQYr0
wldcp_l1,GrNqO-MRjzl
wof_100,G417d-MJkXV
wof_200,G417d-MJkXV
wof_200f,G417d-MJkXV
wof_200g,G417d-MJkXV
wof_200i,G417d-MJkXV
wof_300,G417d-MJkXV
wof_300f,G417d-MJkXV
wof_300g,G417d-MJkXV
wof_300i,G417d-MJkXV
wof_300l,G417d-MJkXV
wof_400,G417d-MJkXV
wof_400f,G417d-MJkXV
wof_400g,G417d-MJkXV
wof_400i,G417d-MJkXV
wof_401l,G417d-MJkXV
wof_500,G417d-MJkXV
wof_500f,G417d-MJkXV
wof_500g,G417d-MJkXV
wof_500i,G417d-MJkXV
wof_500l,G417d-MJkXV
wof_602h,G417d-MJkXV
wpt_103a,G5poe-MQrb5
wpt_105a,G5poe-MQrb5
wpt_106a,G5poe-MQrb5
wpt_106f,G5poe-MQrb5
wpt_106g,G5poe-MQrb5
wpt_106i,G5poe-MQrb5
wpt_106l,G5poe-MQrb5
wpt_108a,G5poe-MQrb5
wpt_108f,G5poe-MQrb5
wpt_108g,G5poe-MQrb5
wpt_108i,G5poe-MQrb5
wpt_108l,G5poe-MQrb5
wpt_109a,G5poe-MQrb5
wpt_109f,G5poe-MQrb5
wpt_109f2,G5poe-MQrb5
wpt_109g,G5poe-MQrb5
wpt_109i,G5poe-MQrb5
wpt_109l,G5poe-MQrb5
wpt_111a,G5poe-MQrb5
wpt_111af,G5poe-MQrb5
wpt_111ai,G5poe-MQrb5
wpt_111al,G5poe-MQrb5
wpt_111f,G5poe-MQrb5
wpt_111g,G5poe-MQrb5
wpt_111gf,G5poe-MQrb5
wpt_111i,G5poe-MQrb5
wpt_111l,G5poe-MQrb5
wpt_1129af,G5poe-MQrb5
wpt_112a,G5poe-MQrb5
wpt_112af,G5poe-MQrb5
wpt_112ai,G5poe-MQrb5
wpt_112al,G5poe-MQrb5
wpt_112f,G5poe-MQrb5
wpt_112g,G5poe-MQrb5
wpt_112gf,G5poe-MQrb5
wpt_112i,G5poe-MQrb5
wpt_112l,G5poe-MQrb5
wpt_140a,G5poe-MQrb5
wpt_140af,G5poe-MQrb5
wpt_140ai,G5poe-MQrb5
wpt_140al,G5poe-MQrb5
wpt_140f,G5poe-MQrb5
wpt_140g,G5poe-MQrb5
wpt_140gf,G5poe-MQrb5
wpt_140i,G5poe-MQrb5
wpt_140l,G5poe-MQrb5
wrldtou2,GRLz0-MeP4B
wrldtou3,GRLz0-MeP4B
wrldtour,GRLz0-MeP4B
wrlok_l3,G5z2e-MJ2lR
wsports,GrxWp-MDvrD
wsportsf,GrxWp-MDvrD
ww_bfr01,GRQKz-MyNXz
ww_bfr01b,GRQKz-MyNXz
ww_bfr01c,GRQKz-MyNXz
ww_bfr01d,GRQKz-MyNXz
ww_bfr01e,GRQKz-MyNXz
ww_d2,GRQKz-MyNXz
ww_d3,GRQKz-MyNXz
ww_d4,GRQKz-MyNXz
ww_d5,GRQKz-MyNXz
ww_l2,GRQKz-MyNXz
ww_l3,GRQKz-MyNXz
ww_l4,GRQKz-MyNXz
ww_l5,GRQKz-MyNXz
ww_lh5,GRQKz-MyNXz
ww_lh6,GRQKz-MyNXz
ww_lh6c,GRQKz-MyNXz
ww_p6,GRQKz-MyNXz
ww_p8,GRQKz-MyNXz
ww_p9,GRQKz-MyNXz
wwfr_103,G57y6-MLej6
wwfr_103f,G57y6-MLej6
wwfr_106,G57y6-MLej6
xenon,G42Pk-MZe2e
xenona,G42Pk-MZe2e
xenonf,G42Pk-MZe2e
xenonfa,G42Pk-MZe2e
xfiles,G4jPq-MQdlK
xfiles2,G4jPq-MQdlK
xfiles20,G4jPq-MQdlK
xfiles304,G4jPq-MQdlK
xfilesf,G4jPq-MQdlK
xforce,GRzJ1-MkPEj
xmn_100,Grj6X-MJwj5
xmn_102,Grj6X-MJNV1
xmn_104,Grj6X-MJwj5
xmn_105,Grj6X-MJwj5
xmn_120h,Grj6X-MJNV1
xmn_121h,Grj6X-MJNV1
xmn_122h,Grj6X-MJNV1
xmn_123h,Grj6X-MJNV1
xmn_124h,Grj6X-MJNV1
xmn_130,Grj6X-MJwj5
xmn_130h,Grj6X-MJNV1
xmn_150,Grj6X-MJwj5
xmn_150h,Grj6X-MJNV1
xmn_151,Grj6X-MJwj5
xmn_151c,Grj6X-MJwj5
xmn_151h,Grj6X-MJNV1
xmn_151hc,Grj6X-MJNV1
xsandos,GRpWD-MNEPl
xsandosa,GRpWD-MNEPl
zank2ifp,G5z71-MBRXz
zankor,G5z71-MBRXz
zankor2i,G5z71-MBRXz
zankore,G5z71-MBRXz
zankorefp,G5z71-MBRXz
zankorfp,G5z71-MBRXz
zankorg,G5z71-MBRXz
zankorgfp,G5z71-MBRXz
